Workbook

Sheet ALL-saboloo (NEW)
AK1: კორექტირებული გეგმა
B2: SGG | C2: =SUM(C7:C18) -> 69009208 | D2: =SUM(D7:D18) -> 34912216 | E2: =SUM(E7:E18) -> 34096992 | F2: =SUM(F7:F18) -> 40215128 | G2: =SUM(G7:G18) -> 35437490 | H2: =SUM(H7:H18) -> 6118136.9 | I2: =SUM(I7:I18) -> 4777638.4 | J2: =SUM(J7:J18) -> 7311091.5 | ... AI2: =SUM(AI7:AI18) -> 35437490 | AK2: =SUM(AK7:AK18) -> 3253936.6 | AL2: =SUM(AL7:AL18) -> 3110440.4 | AN2: =AH2+AK2+AL2 -> 40764368 | AO2: ჯამი ფაქტი+პროგნოზი | AR2: =SUM(AR7:AR18) -> 6150000 | AS2: =SUM(AS7:AS18) -> 2850000
B3: კონტრაქტორი | C3: ობიექტის საპროგნოზო ღირებულება | D3: შუალედური ჩაბარებები 22-24 წწ. | E3: 2025 წლის გეგმა | F3: 2025 წლის გეგმა განახლებული | G3: 2025 წლის ფაქტი | H3: გეგმის ზრდა | I3: გეგმიდან დარჩა ჩასაბარებელი | AK3: დარჩა ჩასაბარებელი | AN3: ნოემბრამდე+დარჩენილი 2 თვე | AR3: 2026
J4: იანვარი 2025 | L4: თებერვალი 2025 | N4: მარტი 2025 | P4: აპრილი 2025 | R4: მაისი 2025 | T4: ივნისი 2025 | V4: ივლისი 2025 | X4: აგვისტო 2025 | Z4: სექტემბერი 2025 | AB4: ოქტომბერი 2025 | AD4: ნოემბერი 2025 | AF4: დეკემბერი 2025 | AH4: სულ 2025 წელი
J5: სულ | L5: სულ | N5: სულ | P5: სულ | R5: სულ | T5: სულ | V5: სულ | X5: სულ | Z5: სულ | AB5: სულ | AD5: სულ | AF5: სულ | AH5: სულ | AK5: ნოემბერი | AL5: დეკემბერი | AR5: იანვარი | AS5: თებერვალი
J6: გეგმა | K6: ფაქტი | L6: გეგმა | M6: ფაქტი | N6: გეგმა | O6: ფაქტი | P6: გეგმა | Q6: ფაქტი | R6: გეგმა | S6: ფაქტი | T6: გეგმა | U6: ფაქტი | V6: გეგმა | W6: ფაქტი | X6: გეგმა | Y6: ფაქტი | Z6: გეგმა | AA6: ფაქტი | AB6: გეგმა | AC6: ფაქტი | AD6: გეგმა | AE6: ფაქტი | AF6: გეგმა | AG6: ფაქტი | AH6: კორექტ. გეგმა | AI6: ფაქტი | AK6: გეგმა | AL6: გეგმა | AR6: გეგმა | AS6: გეგმა
B7: ჯორჯია გაზ პროჯექტი | C7: 5180000 | D7: 265000 | E7: 4915000 | F7: 5571188 | G7: =K7+M7+O7+Q7+S7+U7+W7+Y7+AA7+AC7+AE7+AG7 -> 4808084.6 | H7: =F7-E7 -> 656188 | I7: =F7-G7 -> 763103.37 | J7: 930000 | K7: ='GeoGazProj (SGG)'!AT7 -> 930000 | L7: 705000 | M7: ='GeoGazProj (SGG)'!AZ7 -> 600000 | N7: 469188 | O7: ='GeoGazProj (SGG)'!BG7 -> 470000 | P7: 993500 | Q7: ='GeoGazProj (SGG)'!BN7 -> 422978.12 | R7: 1324500 | S7: ='GeoGazProj (SGG)'!BU7 -> 500000 | T7: 906000 | U7: ='GeoGazProj (SGG)'!CB7 -> 400000 | V7: 243000 | W7: ='GeoGazProj (SGG)'!CI7 -> 295000 | X7: 0 | Y7: ='GeoGazProj (SGG)'!CO7 -> 283134.29 | Z7: 0 | AA7: ='GeoGazProj (SGG)'!CU7 -> 100000 | AB7: 0 | AC7: ='GeoGazProj (SGG)'!DA7 -> 356972.22 | AD7: 0 | AE7: ='GeoGazProj (SGG)'!DG7 -> 450000 | AF7: 0 | AG7: ='GeoGazProj (SGG)'!DM7 -> 0 | AH7: 4915000 | AI7: =K7+M7+O7+Q7+S7+U7+W7+Y7+AA7+AC7+AE7+AG7 -> 4808084.6 | AK7: 700000 | AL7: 513103.37 | AR7: 300000 | AS7: 150000
B8: ბრიჯი | C8: 4641418 | D8: 2491418 | E8: 2150000 | F8: 3150000 | G8: =K8+M8+O8+Q8+S8+U8+W8+Y8+AA8+AC8+AE8+AG8 -> 2702662.8 | H8: =F8-E8 -> 1000000 | I8: =F8-G8 -> 447337.22 | J8: 600000 | K8: ='ბრიჯი SGG'!AQ7 -> 600000 | L8: 450000 | M8: ='ბრიჯი SGG'!AW7 -> 450000 | N8: 450000 | O8: ='ბრიჯი SGG'!BD7 -> 453425 | P8: 650000 | Q8: ='ბრიჯი SGG'!BK7 -> 552393.78 | R8: 0 | S8: ='ბრიჯი SGG'!BQ7 -> 3000 | T8: 0 | U8: ='ბრიჯი SGG'!BW7 -> 11100 | V8: 0 | W8: ='ბრიჯი SGG'!CC7 -> 30754 | X8: 0 | Y8: ='ბრიჯი SGG'!CI7 -> 280000 | Z8: 0 | AA8: ='ბრიჯი SGG'!CO7 -> 310490 | AB8: 0 | AC8: ='ბრიჯი SGG'!CU7 -> 11500 | AD8: 0 | AE8: ='ბრიჯი SGG'!DA7 -> 0 | AF8: 0 | AG8: ='ბრიჯი SGG'!DG7 -> 0 | AH8: 2150000 | AI8: =K8+M8+O8+Q8+S8+U8+W8+Y8+AA8+AC8+AE8+AG8 -> 2702662.8 | AK8: 0 | AL8: 447337 | AR8: 500000 | AS8: 300000
B9: არქმშენსერვისი | C9: 9745862.9 | D9: 6495862.9 | E9: 3250000 | F9: 5965000 | G9: =K9+M9+O9+Q9+S9+U9+W9+Y9+AA9+AC9+AE9+AG9 -> 2971405.6 | H9: =F9-E9 -> 2715000 | I9: =F9-G9 -> 2993594.4 | J9: 500000 | K9: ='არქმშენსერვისი SGG'!AS7 -> 500000 | L9: 1365000 | M9: ='არქმშენსერვისი SGG'!AY7 -> 1360000 | N9: 960000 | O9: ='არქმშენსერვისი SGG'!BF7 -> 960000 | P9: 890000 | Q9: ='არქმშენსერვისი SGG'!BM7 -> 151405.57 | R9: 750000 | S9: ='არქმშენსერვისი SGG'!BT7 -> 0 | T9: 750000 | U9: ='არქმშენსერვისი SGG'!CA7 -> 0 | V9: 750000 | W9: ='არქმშენსერვისი SGG'!CH7 -> 0 | X9: 0 | Y9: ='არქმშენსერვისი SGG'!CN7 -> 0 | Z9: 0 | AA9: ='არქმშენსერვისი SGG'!CT7 -> 0 | AB9: 0 | AC9: ='არქმშენსერვისი SGG'!CZ7 -> 0 | AD9: 0 | AE9: ='არქმშენსერვისი SGG'!DF7 -> 0 | AF9: 0 | AG9: ='არქმშენსერვისი SGG'!DL7 -> 0 | AH9: 3250000 | AI9: =K9+M9+O9+Q9+S9+U9+W9+Y9+AA9+AC9+AE9+AG9 -> 2971405.6 | AK9: 1000000 | AL9: 1000000 | AR9: 1000000 | AS9: 500000
B10: უნიმშენი | C10: 8805000 | D10: 3290000 | E10: 5515000 | F10: 4912827 | G10: =K10+M10+O10+Q10+S10+U10+W10+Y10+AA10+AC10+AE10+AG10 -> 4418016 | H10: =F10-E10 -> -602173 | I10: =F10-G10 -> 494811 | J10: 1265000 | K10: ='უნიმშენი SGG'!AQ7 -> 1037000 | L10: 650000 | M10: ='უნიმშენი SGG'!AW7 -> 1090000 | N10: 653688 | O10: ='უნიმშენი SGG'!BD7 -> 650000 | P10: 822638 | Q10: ='უნიმშენი SGG'!BK7 -> 731525 | R10: 566192 | S10: ='უნიმშენი SGG'!BR7 -> 411102 | T10: 300000 | U10: ='უნიმშენი SGG'!BY7 -> 300000 | V10: 124544 | W10: ='უნიმშენი SGG'!CF7 -> 0 | X10: 0 | Y10: ='უნიმშენი SGG'!CM7 -> 0 | Z10: 0 | AA10: ='უნიმშენი SGG'!CT7 -> 48389 | AB10: 150000 | AC10: ='უნიმშენი SGG'!DA7 -> 150000 | AD10: 180765 | AE10: ='უნიმშენი SGG'!DH7 -> 0 | AF10: 0 | AG10: ='უნიმშენი SGG'!DO7 -> 0 | AH10: 5515000 | AI10: =K10+M10+O10+Q10+S10+U10+W10+Y10+AA10+AC10+AE10+AG10 -> 4418016 | AK10: 294811 | AL10: 200000 | AR10: 350000 | AS10: 200000
B11: ინტერსერვისი 2011 | C11: 5455790 | D11: 3263716.2 | E11: 2192073.8 | F11: 2540463.8 | G11: =K11+M11+O11+Q11+S11+U11+W11+Y11+AA11+AC11+AE11+AG11 -> 2339837.6 | H11: =F11-E11 -> 348390 | I11: =F11-G11 -> 200626.17 | J11: 329173.75 | K11: ='ინტერსერვისი SGG'!AQ7 -> 321141.43 | L11: 401300 | M11: ='ინტერსერვისი SGG'!AW7 -> 481548.11 | N11: 582600 | O11: ='ინტერსერვისი SGG'!BD7 -> 582600 | P11: 357418 | Q11: ='ინტერსერვისი SGG'!BK7 -> 349048.62 | R11: 310372 | S11: ='ინტერსერვისი SGG'!BR7 -> 310000 | T11: 139600 | U11: ='ინტერსერვისი SGG'!BY7 -> 105000 | V11: 0 | W11: ='ინტერსერვისი SGG'!CE7 -> 0 | X11: 0 | Y11: ='ინტერსერვისი SGG'!CK7 -> 2000 | Z11: 0 | AA11: ='ინტერსერვისი SGG'!CQ7 -> 5000 | AB11: 0 | AC11: ='ინტერსერვისი SGG'!CW7 -> 5000 | AD11: 0 | AE11: ='ინტერსერვისი SGG'!DC7 -> 178499.42 | AF11: 0 | AG11: ='ინტერსერვისი SGG'!DI7 -> 0 | AH11: 2192073.8 | AI11: =K11+M11+O11+Q11+S11+U11+W11+Y11+AA11+AC11+AE11+AG11 -> 2339837.6 | AK11: 149125.59 | AL11: 230000 | AR11: 450000 | AS11: 300000
B12: გაზსერვისი | C12: 2241000 | D12: 850000 | E12: =1391000 -> 1391000 | F12: 2337302.8 | G12: =K12+M12+O12+Q12+S12+U12+W12+Y12+AA12+AC12+AE12+AG12 -> 1838896.2 | H12: =F12-E12 -> 946302.77 | I12: =F12-G12 -> 498406.55 | J12: 250000 | K12: ='გაზსერვისი SGG'!AS7 -> 250000 | L12: 1227302.8 | M12: ='გაზსერვისი SGG'!AY7 -> 1227302.8 | N12: 160000 | O12: ='გაზსერვისი SGG'!BF7 -> 160172.27 | P12: 0 | Q12: ='გაზსერვისი SGG'!BM7 -> 0 | R12: 0 | S12: ='გაზსერვისი SGG'!BS7 -> 0 | T12: 100000 | U12: ='გაზსერვისი SGG'!BY7 -> 0 | V12: 0 | W12: ='გაზსერვისი SGG'!CE7 -> 201421.18 | X12: 0 | Y12: ='გაზსერვისი SGG'!CK7 -> 0 | Z12: 0 | AA12: ='გაზსერვისი SGG'!CQ7 -> 0 | AB12: 0 | AC12: ='გაზსერვისი SGG'!CW7 -> 0 | AD12: 0 | AE12: ='გაზსერვისი SGG'!DC7 -> 0 | AF12: 0 | AG12: ='გაზსერვისი SGG'!DI7 -> 0 | AH12: 1694000 | AI12: =K12+M12+O12+Q12+S12+U12+W12+Y12+AA12+AC12+AE12+AG12 -> 1838896.2 | AK12: 500000 | AL12: 0 | AR12: 1000000 | AS12: 350000
B13: არქიტექტ პროჯექტ კომპანი | C13: 0 | D13: 0 | E13: 0 | F13: 120000 | G13: =K13+M13+O13+Q13+S13+U13+W13+Y13+AA13+AC13+AE13+AG13 -> 0 | H13: =F13-E13 -> 120000 | I13: =F13-G13 -> 120000 | J13: 0 | K13: ='გაზსერვისი SGG'!AS8 -> 0 | L13: 0 | M13: ='გაზსერვისი SGG'!AY8 -> 0 | N13: 120000 | O13: ='გაზსერვისი SGG'!BF8 -> 0 | P13: 0 | Q13: ='გაზსერვისი SGG'!BM8 -> 0 | R13: 0 | S13: ='გაზსერვისი SGG'!BS8 -> 0 | T13: 0 | U13: ='გაზსერვისი SGG'!BY8 -> 0 | V13: 0 | W13: ='გაზსერვისი SGG'!CE8 -> 0 | X13: 0 | Y13: ='გაზსერვისი SGG'!CK8 -> 0 | Z13: 0 | AA13: ='გაზსერვისი SGG'!CQ8 -> 0 | AB13: 0 | AC13: ='გაზსერვისი SGG'!CW8 -> 0 | AD13: 0 | AE13: ='გაზსერვისი SGG'!DC8 -> 0 | AF13: 0 | AG13: ='გაზსერვისი SGG'!DI8 -> 0 | AH13: 0 | AI13: =K13+M13+O13+Q13+S13+U13+W13+Y13+AA13+AC13+AE13+AG13 -> 0 | AK13: 0 | AL13: 120000 | AR13: 0 | AS13: 0
B14: ჯი პი + ჰაიდროკორპი | F14: 0 | AK14: 0 | AL14: 0 | AR14: 0 | AS14: 0
B15: ინტერგაზი | C15: 13206051 | D15: 9606050.8 | E15: 3600000 | F15: 4390000 | G15: =K15+M15+O15+Q15+S15+U15+W15+Y15+AA15+AC15+AE15+AG15 -> 5111920.6 | H15: =F15-E15 -> 790000 | I15: =F15-G15 -> -721920.58 | J15: 1200000 | K15: ='ინტერგაზი SGG'!AS7 -> 1200000 | L15: 500000 | M15: ='ინტერგაზი SGG'!AY7 -> 1160000 | N15: 1570000 | O15: ='ინტერგაზი SGG'!BF7 -> 1500000 | P15: 770000 | Q15: ='ინტერგაზი SGG'!BM7 -> 0 | R15: 0 | S15: ='ინტერგაზი SGG'!BT7 -> 300000 | T15: 0 | U15: ='ინტერგაზი SGG'!BZ7 -> 550000 | V15: 0 | W15: ='ინტერგაზი SGG'!CF7 -> 0 | X15: 0 | Y15: ='ინტერგაზი SGG'!CL7 -> 401920.58 | Z15: 0 | AA15: ='ინტერგაზი SGG'!CR7 -> 0 | AB15: 0 | AC15: ='ინტერგაზი SGG'!CX7 -> 0 | AD15: 0 | AE15: ='ინტერგაზი SGG'!DD7 -> 0 | AF15: 0 | AG15: ='ინტერგაზი SGG'!DJ7 -> 0 | AH15: 3600000 | AI15: =K15+M15+O15+Q15+S15+U15+W15+Y15+AA15+AC15+AE15+AG15 -> 5111920.6 | AK15: 0 | AL15: 350000 | AR15: 1000000 | AS15: 300000
B16: გაზკონსტრაქტი | C16: 16581886 | D16: 8624668.4 | E16: 7957217.8 | F16: 8109146.8 | G16: =K16+M16+O16+Q16+S16+U16+W16+Y16+AA16+AC16+AE16+AG16 -> 8066078.9 | H16: =F16-E16 -> 151929.1 | I16: =F16-G16 -> 43067.948 | J16: 1860217.8 | K16: ='გაზკონსტრაქტი SGG'!AT7 -> 1858820 | L16: 1507000 | M16: ='გაზკონსტრაქტი SGG'!AZ7 -> 1505000 | N16: 524273.1 | O16: ='გაზკონსტრაქტი SGG'!BG7 -> 529191.64 | P16: 1325619 | Q16: ='გაზკონსტრაქტი SGG'!BN7 -> 1329383.7 | R16: 1116370 | S16: ='გაზკონსტრაქტი SGG'!BU7 -> 1000313.2 | T16: 535667 | U16: ='გაზკონსტრაქტი SGG'!CB7 -> 206327.51 | V16: 440000 | W16: ='გაზკონსტრაქტი SGG'!CI7 -> 837335.43 | X16: 350000 | Y16: ='გაზკონსტრაქტი SGG'!CP7 -> 29114.88 | Z16: 300000 | AA16: ='გაზკონსტრაქტი SGG'!CW7 -> 0 | AB16: 0 | AC16: ='გაზკონსტრაქტი SGG'!DC7 -> 448228.72 | AD16: 0 | AE16: ='გაზკონსტრაქტი SGG'!DI7 -> 322363.82 | AF16: 0 | AG16: ='გაზკონსტრაქტი SGG'!DO7 -> 0 | AH16: 7957217.8 | AI16: =K16+M16+O16+Q16+S16+U16+W16+Y16+AA16+AC16+AE16+AG16 -> 8066078.9 | AK16: 360000 | AL16: 0 | AR16: 1300000 | AS16: 500000
B17: ენერჯი სერვისი | C17: 3152200 | D17: 25500 | E17: 3126700 | F17: 3119200 | G17: =K17+M17+O17+Q17+S17+U17+W17+Y17+AA17+AC17+AE17+AG17 -> 3180587.7 | H17: =F17-E17 -> -7500 | I17: =F17-G17 -> -61387.74 | J17: 376700 | K17: ='ენერჯი სერვისი SGG'!AQ7 -> 376700 | L17: 250000 | M17: ='ენერჯი სერვისი SGG'!AW7 -> 257500 | N17: =250000-7500 -> 242500 | O17: ='ენერჯი სერვისი SGG'!BC7 -> 245500 | P17: 250000 | Q17: ='ენერჯი სერვისი SGG'!BI7 -> 258500 | R17: 250000 | S17: ='ენერჯი სერვისი SGG'!BO7 -> 269972.1 | T17: 250000 | U17: ='ენერჯი სერვისი SGG'!BU7 -> 257084.6 | V17: 250000 | W17: ='ენერჯი სერვისი SGG'!CA7 -> 185000 | X17: 250000 | Y17: ='ენერჯი სერვისი SGG'!CG7 -> 120276.23 | Z17: 250000 | AA17: ='ენერჯი სერვისი SGG'!CM7 -> 413196.81 | AB17: 250000 | AC17: ='ენერჯი სერვისი SGG'!CS7 -> 216000 | AD17: 250000 | AE17: ='ენერჯი სერვისი SGG'!CY7 -> 580858 | AF17: 250000 | AG17: ='ენერჯი სერვისი SGG'!DE7 -> 0 | AH17: 3126700 | AI17: =K17+M17+O17+Q17+S17+U17+W17+Y17+AA17+AC17+AE17+AG17 -> 3180587.7 | AK17: 250000 | AL17: 250000 | AR17: 250000 | AS17: 250000
B20: SOG | C20: =SUM(C25:C36) -> 46842061 | D20: =SUM(D25:D36) -> 21796004 | E20: =SUM(E25:E36) -> 25046058 | F20: =SUM(F25:F36) -> 33975472 | G20: =SUM(G25:G36) -> 23546132 | H20: =SUM(H25:H36) -> 8929414.4 | I20: =SUM(I25:I36) -> 10429340 | J20: =SUM(J25:J36) -> 9558807.6 | ... AI20: =SUM(AI25:AI36) -> 23546132 | AK20: =SUM(AK25:AK35) -> 2415000 | AL20: =SUM(AL25:AL35) -> 5831000 | AN20: =AH20+AK20+AL20 -> 35052058 | AO20: ჯამი ფაქტი+პროგნოზი | AR20: =SUM(AR25:AR35) -> 6950000 | AS20: =SUM(AS25:AS35) -> 1950000
B21: კონტრაქტორი | C21: ობიექტის საპროგნოზო ღირებულება | D21: შუალედური ჩაბარებები 22-24 წწ. | E21: 2025 წლის გეგმა | F21: 2025 წლის გეგმა განახლებული | G21: 2025 წლის ფაქტი | H21: გეგმის ზრდა | I21: გეგმიდან დარჩა ჩასაბარებელი | AK21: დარჩა ჩასაბარებელი | AN21: ნოემბრამდე+დარჩენილი 2 თვე | AR21: 2026
J22: იანვარი 2025 | L22: თებერვალი 2025 | N22: მარტი 2025 | P22: აპრილი 2025 | R22: მაისი 2025 | T22: ივნისი 2025 | V22: ივლისი 2025 | X22: აგვისტო 2025 | Z22: სექტემბერი 2025 | AB22: ოქტომბერი 2025 | AD22: ნოემბერი 2025 | AF22: დეკემბერი 2025 | AH22: სულ 2025 წელი
J23: სულ | L23: სულ | N23: სულ | P23: სულ | R23: სულ | T23: სულ | V23: სულ | X23: სულ | Z23: სულ | AB23: სულ | AD23: სულ | AF23: სულ | AH23: სულ | AK23: ნოემბერი | AL23: დეკემბერი | AR23: იანვარი | AS23: თებერვალი
J24: გეგმა | K24: ფაქტი | L24: გეგმა | M24: ფაქტი | N24: გეგმა | O24: ფაქტი | P24: გეგმა | Q24: ფაქტი | R24: გეგმა | S24: ფაქტი | T24: გეგმა | U24: ფაქტი | V24: გეგმა | W24: ფაქტი | X24: გეგმა | Y24: ფაქტი | Z24: გეგმა | AA24: ფაქტი | AB24: გეგმა | AC24: ფაქტი | AD24: გეგმა | AE24: ფაქტი | AF24: გეგმა | AG24: ფაქტი | AH24: კორექტ. გეგმა | AI24: ფაქტი | AK24: გეგმა | AL24: გეგმა | AR24: გეგმა | AS24: გეგმა
B25: ჯორჯია გაზ პროჯექტი | C25: 1963780.2 | D25: 1441780.2 | E25: 522000 | F25: 576000 | G25: =K25+M25+O25+Q25+S25+U25+W25+Y25+AA25+AC25+AE25+AG25 -> 470439 | H25: =F25-E25 -> 54000 | I25: =F25-G25 -> 105561 | J25: 150000 | K25: ='GeoGazProj (SOG)'!AQ7 -> 100000 | L25: 0 | M25: ='GeoGazProj (SOG)'!AW7 -> 76000 | N25: 90000 | O25: ='GeoGazProj (SOG)'!BD7 -> 44000 | P25: 80000 | Q25: ='GeoGazProj (SOG)'!BK7 -> 0 | R25: 200000 | S25: ='GeoGazProj (SOG)'!BR7 -> 0 | T25: 56000 | U25: ='GeoGazProj (SOG)'!BY7 -> 0 | V25: 0 | W25: ='GeoGazProj (SOG)'!CE7 -> 70000 | X25: 0 | Y25: ='GeoGazProj (SOG)'!CK7 -> 0 | Z25: 0 | AA25: ='GeoGazProj (SOG)'!CQ7 -> 55000 | AB25: 0 | AC25: ='GeoGazProj (SOG)'!CW7 -> 0 | AD25: 0 | AE25: ='GeoGazProj (SOG)'!DC7 -> 125439 | AF25: 0 | AG25: ='GeoGazProj (SOG)'!DI7 -> 0 | AH25: 522000 | AI25: =K25+M25+O25+Q25+S25+U25+W25+Y25+AA25+AC25+AE25+AG25 -> 470439 | AK25: 0 | AL25: 231000 | AR25: 250000 | AS25: 0
B26: ბრიჯი | C26: 0 | D26: 0 | E26: 0 | F26: 0 | G26: =K26+M26+O26+Q26+S26+U26+W26+Y26+AA26+AC26+AE26+AG26 -> 0 | H26: =F26-E26 -> 0 | I26: =F26-G26 -> 0 | J26: 0 | K26: ='ბრიჯი SOG'!AQ7 -> 0 | L26: 0 | M26: ='ბრიჯი SOG'!AS7 -> 0 | N26: 0 | O26: ='ბრიჯი SOG'!AU7 -> 0 | P26: 0 | Q26: ='ბრიჯი SOG'!AW7 -> 0 | R26: 0 | S26: ='ბრიჯი SOG'!AY7 -> 0 | T26: 0 | U26: ='ბრიჯი SOG'!BA7 -> 0 | V26: 0 | W26: ='ბრიჯი SOG'!BC7 -> 0 | X26: 0 | Y26: ='ბრიჯი SOG'!BE7 -> 0 | Z26: 0 | AA26: ='ბრიჯი SOG'!BG7 -> 0 | AB26: 0 | AC26: ='ბრიჯი SOG'!BI7 -> 0 | AD26: 0 | AE26: ='ბრიჯი SOG'!BK7 -> 0 | AF26: 0 | AG26: ='ბრიჯი SOG'!BM7 -> 0 | AH26: 0 | AI26: =K26+M26+O26+Q26+S26+U26+W26+Y26+AA26+AC26+AE26+AG26 -> 0 | AK26: 0 | AL26: 0 | AR26: 0 | AS26: 0
B27: არქმშენსერვისი | C27: 2000000 | D27: 0 | E27: 2000000 | F27: 4000000 | G27: =K27+M27+O27+Q27+S27+U27+W27+Y27+AA27+AC27+AE27+AG27 -> 0 | H27: =F27-E27 -> 2000000 | I27: =F27-G27 -> 4000000 | J27: 0 | K27: ='არქმშენსერვისი SOG'!AS7 -> 0 | L27: 500000 | M27: ='არქმშენსერვისი SOG'!AY7 -> 0 | N27: =500000+200000 -> 700000 | O27: ='არქმშენსერვისი SOG'!BF7 -> 0 | P27: =500000+150000 -> 650000 | Q27: ='არქმშენსერვისი SOG'!BM7 -> 0 | R27: =500000+100000 -> 600000 | S27: ='არქმშენსერვისი SOG'!BT7 -> 0 | T27: =500000+50000 -> 550000 | U27: ='არქმშენსერვისი SOG'!CA7 -> 0 | V27: 500000 | W27: ='არქმშენსერვისი SOG'!CG7 -> 0 | X27: 500000 | Y27: ='არქმშენსერვისი SOG'!CM7 -> 0 | Z27: 0 | AA27: ='არქმშენსერვისი SOG'!CS7 -> 0 | AB27: 0 | AC27: ='არქმშენსერვისი SOG'!CY7 -> 0 | AD27: 0 | AE27: ='არქმშენსერვისი SOG'!DE7 -> 0 | AF27: 0 | AG27: ='არქმშენსერვისი SOG'!DK7 -> 0 | AH27: 3500000 | AI27: =K27+M27+O27+Q27+S27+U27+W27+Y27+AA27+AC27+AE27+AG27 -> 0 | AK27: 0 | AL27: 2000000 | AR27: 1500000 | AS27: 500000
B28: უნიმშენი | F28: 0 | AK28: 0 | AL28: 0 | AR28: 0 | AS28: 0
B29: ინტერსერვისი 2011 | C29: 3989235.2 | D29: 2855522.7 | E29: 1133712.5 | F29: 1794067.5 | G29: =K29+M29+O29+Q29+S29+U29+W29+Y29+AA29+AC29+AE29+AG29 -> 1144017.3 | H29: =F29-E29 -> 660355 | I29: =F29-G29 -> 650050.15 | J29: 713212.5 | K29: ='ინტერსერვისი SOG'!AQ7 -> 713000 | L29: 297500 | M29: ='ინტერსერვისი SOG'!AW7 -> 297000 | N29: 95355 | O29: ='ინტერსერვისი SOG'!BD7 -> 83764.14 | P29: 28000 | Q29: ='ინტერსერვისი SOG'!BK7 -> 49635.65 | R29: 0 | S29: ='ინტერსერვისი SOG'!BQ7 -> 0 | T29: 0 | U29: ='ინტერსერვისი SOG'!BW7 -> 617.56 | V29: 0 | W29: ='ინტერსერვისი SOG'!CC7 -> 0 | X29: 0 | Y29: ='ინტერსერვისი SOG'!CI7 -> 0 | Z29: 0 | AA29: ='ინტერსერვისი SOG'!CO7 -> 0 | AB29: 0 | AC29: ='ინტერსერვისი SOG'!CU7 -> 0 | AD29: 0 | AE29: ='ინტერსერვისი SOG'!DA7 -> 0 | AF29: 0 | AG29: ='ინტერსერვისი SOG'!DG7 -> 0 | AH29: 1133712.5 | AI29: =K29+M29+O29+Q29+S29+U29+W29+Y29+AA29+AC29+AE29+AG29 -> 1144017.3 | AK29: 300000 | AL29: 350000 | AR29: 300000 | AS29: 250000
B30: გაზსერვისი | C30: 6837995.9 | D30: 2051745.9 | E30: =4786250 -> 4786250 | F30: 7450750 | G30: =K30+M30+O30+Q30+S30+U30+W30+Y30+AA30+AC30+AE30+AG30 -> 5446834 | H30: =F30-E30 -> 2664500 | I30: =F30-G30 -> 2003916 | J30: 2552500 | K30: ='გაზსერვისი SOG'!AR7 -> 2548000 | L30: 783804.51 | M30: ='გაზსერვისი SOG'!AX7 -> 783804.51 | N30: 1000000 | O30: ='გაზსერვისი SOG'!BE7 -> 1000000 | P30: 314445.49 | Q30: ='გაზსერვისი SOG'!BL7 -> 423976.54 | R30: =410000+N("P.6.602 ქვიტირი")+90000+N("P.6.608 ქუთაისი 26 მაისის ქ.") -> 500000 | S30: ='გაზსერვისი SOG'!BR7 -> 528855.93 | T30: 0 | U30: ='გაზსერვისი SOG'!BX7 -> 0 | V30: 0 | W30: ='გაზსერვისი SOG'!CD7 -> 0 | X30: 0 | Y30: ='გაზსერვისი SOG'!CJ7 -> 0 | Z30: 0 | AA30: ='გაზსერვისი SOG'!CP7 -> 0 | AB30: 0 | AC30: ='გაზსერვისი SOG'!CV7 -> 162197 | AD30: 0 | AE30: ='გაზსერვისი SOG'!DB7 -> 0 | AF30: 0 | AG30: ='გაზსერვისი SOG'!DH7 -> 0 | AH30: 5046250 | AI30: =K30+M30+O30+Q30+S30+U30+W30+Y30+AA30+AC30+AE30+AG30 -> 5446834 | AK30: 500000 | AL30: 1500000 | AR30: 750000 | AS30: 300000
B31: არქიტექტ პროჯექტ კომპანი | F31: 350000 | H31: =F31-E31 -> 350000 | I31: =F31-G31 -> 350000 | AK31: 350000 | AL31: 0 | AR31: 0 | AS31: 0
B32: ჯი პი | F32: 15000 | H32: =F32-E32 -> 15000 | I32: =F32-G32 -> 15000 | AK32: 15000 | AL32: 0 | AR32: 0 | AS32: 0
B33: ინტერგაზი | C33: 24379200 | D33: 14109200 | E33: 10270000 | F33: 11196800 | G33: =K33+M33+O33+Q33+S33+U33+W33+Y33+AA33+AC33+AE33+AG33 -> 9917716.3 | H33: =F33-E33 -> 926800 | I33: =F33-G33 -> 1279083.7 | J33: 4870000 | K33: ='ინტერგაზი SOG'!AS7 -> 4594000 | L33: 1300000 | M33: ='ინტერგაზი SOG'!AY7 -> 1330000 | N33: 1538800 | O33: ='ინტერგაზი SOG'!BF7 -> 1112004.1 | P33: 618000 | Q33: ='ინტერგაზი SOG'!BM7 -> 21643 | R33: 500000 | S33: ='ინტერგაზი SOG'!BT7 -> 1500000 | T33: 500000 | U33: ='ინტერგაზი SOG'!CA7 -> 0 | V33: 500000 | W33: ='ინტერგაზი SOG'!CH7 -> 0 | X33: 500000 | Y33: ='ინტერგაზი SOG'!CO7 -> 700000 | Z33: 370000 | AA33: ='ინტერგაზი SOG'!CV7 -> 660069.27 | AB33: 0 | AC33: ='ინტერგაზი SOG'!DB7 -> 0 | AD33: 0 | AE33: ='ინტერგაზი SOG'!DH7 -> 0 | AF33: 0 | AG33: ='ინტერგაზი SOG'!DN7 -> 0 | AH33: 10270000 | AI33: =K33+M33+O33+Q33+S33+U33+W33+Y33+AA33+AC33+AE33+AG33 -> 9917716.3 | AK33: 0 | AL33: 500000 | AR33: 500000 | AS33: 300000
B34: გაზკონსტრაქტი | C34: 4894849.9 | D34: 1310754.8 | E34: 3584095.1 | F34: 5847654.5 | G34: =K34+M34+O34+Q34+S34+U34+W34+Y34+AA34+AC34+AE34+AG34 -> 4072687.8 | H34: =F34-E34 -> 2263559.4 | I34: =F34-G34 -> 1774966.7 | J34: 1273095.1 | K34: ='გაზკონსტრაქტი SOG'!AT7 -> 1260453.6 | L34: 1586000 | M34: ='გაზკონსტრაქტი SOG'!AZ7 -> 1584000 | N34: 294770.42 | O34: ='გაზკონსტრაქტი SOG'!BG7 -> 329885.77 | P34: 95560 | Q34: ='გაზკონსტრაქტი SOG'!BN7 -> 46181.63 | R34: 234400 | S34: ='გაზკონსტრაქტი SOG'!BU7 -> 351688.75 | T34: 113829 | U34: ='გაზკონსტრაქტი SOG'!CB7 -> 23406.07 | V34: 0 | W34: ='გაზკონსტრაქტი SOG'!CH7 -> 127148.8 | X34: 0 | Y34: ='გაზკონსტრაქტი SOG'!CN7 -> 63625.36 | Z34: 0 | AA34: ='გაზკონსტრაქტი SOG'!CT7 -> 18366.72 | AB34: 0 | AC34: ='გაზკონსტრაქტი SOG'!CZ7 -> 18207.93 | AD34: 0 | AE34: ='გაზკონსტრაქტი SOG'!DF7 -> 249723.24 | AF34: 0 | AG34: ='გაზკონსტრაქტი SOG'!DL7 -> 0 | AH34: 3584095.1 | AI34: =K34+M34+O34+Q34+S34+U34+W34+Y34+AA34+AC34+AE34+AG34 -> 4072687.8 | AK34: 1000000 | AL34: 1000000 | AR34: 3400000 | AS34: 350000
B35: ენერჯი სერვისი | C35: 2777000 | D35: 27000 | E35: 2750000 | F35: 2745200 | G35: =K35+M35+O35+Q35+S35+U35+W35+Y35+AA35+AC35+AE35+AG35 -> 2494437.8 | H35: =F35-E35 -> -4800 | I35: =F35-G35 -> 250762.19 | J35: 0 | K35: ='ენერჯი სერვისი SOG'!AQ7 -> 0 | L35: 250000 | M35: ='ენერჯი სერვისი SOG'!AW7 -> 254800 | N35: =250000-4800 -> 245200 | O35: ='ენერჯი სერვისი SOG'!BC7 -> 256200 | P35: 250000 | Q35: ='ენერჯი სერვისი SOG'!BI7 -> 256500 | R35: 250000 | S35: ='ენერჯი სერვისი SOG'!BO7 -> 249192.68 | T35: 250000 | U35: ='ენერჯი სერვისი SOG'!BU7 -> 308546.63 | V35: 250000 | W35: ='ენერჯი სერვისი SOG'!CA7 -> 385897.4 | X35: 250000 | Y35: ='ენერჯი სერვისი SOG'!CG7 -> 385604.1 | Z35: 250000 | AA35: ='ენერჯი სერვისი SOG'!CM7 -> 45000 | AB35: 250000 | AC35: ='ენერჯი სერვისი SOG'!CS7 -> 285000 | AD35: 250000 | AE35: ='ენერჯი სერვისი SOG'!CY7 -> 67697 | AF35: 250000 | AG35: ='ენერჯი სერვისი SOG'!DE7 -> 0 | AH35: 2750000 | AI35: =K35+M35+O35+Q35+S35+U35+W35+Y35+AA35+AC35+AE35+AG35 -> 2494437.8 | AK35: 250000 | AL35: 250000 | AR35: 250000 | AS35: 250000
F36: 0 | G36: =K36+M36+O36+Q36+S36+U36+W36+Y36+AA36+AC36+AE36+AG36 -> 0 | I36: =F36-G36 -> 0
B37: გაგზავნილი ციფრები (6 ნოე 2025) | C37: 1.1585127e+08 | D37: 56708220 | E37: 59143049 | F37: 74190600 | G37: 57264042 | H37: 15047551 | I37: 16561559
B38: SGG + SOG | C38: =SUM(C43:C54) -> 1.1585127e+08 | D38: =SUM(D43:D54) -> 56708220 | E38: =SUM(E43:E54) -> 59143049 | F38: =SUM(F43:F54) -> 74190600 | G38: =SUM(G43:G54) -> 58983622 | H38: =SUM(H43:H54) -> 15047551 | I38: =SUM(I43:I54) -> 15206978 | J38: =SUM(J43:J54) -> 16869899 | ... AI38: =SUM(AI43:AI54) -> 58983622 | AK38: =SUM(AK43:AK53) -> 5668936.6 | AL38: =SUM(AL43:AL53) -> 8941440.4 | AM38: =AL38-AK38 -> 3272503.8 | AN38: =AH38+AK38+AL38 -> 80005977 | AO38: ჯამი ფაქტი+პროგნოზი | AR38: =SUM(AR43:AR53) -> 13100000 | AS38: =SUM(AS43:AS53) -> 4800000
B39: კონტრაქტორი | C39: ობიექტის საპროგნოზო ღირებულება | D39: შუალედური ჩაბარებები 22-24 წწ. | E39: 2025 წლის გეგმა | F39: 2025 წლის გეგმა განახლებული | G39: 2025 წლის ფაქტი | H39: გეგმის ზრდა | I39: გეგმიდან დარჩა ჩასაბარებელი | AK39: დარჩა ჩასაბარებელი | AN39: ნოემბრამდე+დარჩენილი 2 თვე | AR39: 2026
J40: იანვარი 2025 | L40: თებერვალი 2025 | N40: მარტი 2025 | P40: აპრილი 2025 | R40: მაისი 2025 | T40: ივნისი 2025 | V40: ივლისი 2025 | X40: აგვისტო 2025 | Z40: სექტემბერი 2025 | AB40: ოქტომბერი 2025 | AD40: ნოემბერი 2025 | AF40: დეკემბერი 2025 | AH40: სულ 2025 წელი
J41: სულ | L41: სულ | N41: სულ | P41: სულ | R41: სულ | T41: სულ | V41: სულ | X41: სულ | Z41: სულ | AB41: სულ | AD41: სულ | AF41: სულ | AH41: სულ | AK41: ნოემბერი | AL41: დეკემბერი | AR41: იანვარი | AS41: თებერვალი
J42: გეგმა | K42: ფაქტი | L42: გეგმა | M42: ფაქტი | N42: გეგმა | O42: ფაქტი | P42: გეგმა | Q42: ფაქტი | R42: გეგმა | S42: ფაქტი | T42: გეგმა | U42: ფაქტი | V42: გეგმა | W42: ფაქტი | X42: გეგმა | Y42: ფაქტი | Z42: გეგმა | AA42: ფაქტი | AB42: გეგმა | AC42: ფაქტი | AD42: გეგმა | AE42: ფაქტი | AF42: გეგმა | AG42: ფაქტი | AH42: კორექტ. გეგმა | AI42: ფაქტი | AK42: გეგმა | AL42: გეგმა | AR42: გეგმა | AS42: გეგმა
B43: ჯორჯია გაზ პროჯექტი | C43: =C7+C25 -> 7143780.2 | D43: =D7+D25 -> 1706780.2 | E43: =E7+E25 -> 5437000 | F43: =F7+F25 -> 6147188 | G43: =G7+G25 -> 5278523.6 | H43: =H7+H25 -> 710188 | I43: =I7+I25 -> 868664.37 | J43: =J7+J25 -> 1080000 | ... AG43: =AG7+AG25 -> 0 | AH43: =J43+L43+N43+P43+R43+T43+V43+X43+Z43+AB43+AD43+AF43 -> 6147188 | AI43: =K43+M43+O43+Q43+S43+U43+W43+Y43+AA43+AC43+AE43+AG43 -> 5278523.6 | AK43: =AK7+AK25 -> 700000 | AL43: =AL7+AL25 -> 744103.37 | AR43: =AR7+AR25 -> 550000 | AS43: =AS7+AS25 -> 150000
B44: ბრიჯი | C44: =C8+C26 -> 4641418 | D44: =D8+D26 -> 2491418 | E44: =E8+E26 -> 2150000 | F44: =F8+F26 -> 3150000 | G44: =G8+G26 -> 2702662.8 | H44: =H8+H26 -> 1000000 | I44: =I8+I26 -> 447337.22 | J44: =J8+J26 -> 600000 | ... AG44: =AG8+AG26 -> 0 | AH44: =J44+L44+N44+P44+R44+T44+V44+X44+Z44+AB44+AD44+AF44 -> 2150000 | AI44: =K44+M44+O44+Q44+S44+U44+W44+Y44+AA44+AC44+AE44+AG44 -> 2702662.8 | AK44: =AK8+AK26 -> 0 | AL44: =AL8+AL26 -> 447337 | AR44: =AR8+AR26 -> 500000 | AS44: =AS8+AS26 -> 300000
B45: არქმშენსერვისი | C45: =C9+C27 -> 11745863 | D45: =D9+D27 -> 6495862.9 | E45: =E9+E27 -> 5250000 | F45: =F9+F27 -> 9965000 | G45: =G9+G27 -> 2971405.6 | H45: =H9+H27 -> 4715000 | I45: =I9+I27 -> 6993594.4 | J45: =J9+J27 -> 500000 | ... AG45: =AG9+AG27 -> 0 | AH45: =J45+L45+N45+P45+R45+T45+V45+X45+Z45+AB45+AD45+AF45 -> 9965000 | AI45: =K45+M45+O45+Q45+S45+U45+W45+Y45+AA45+AC45+AE45+AG45 -> 2971405.6 | AK45: =AK9+AK27 -> 1000000 | AL45: =AL9+AL27 -> 3000000 | AR45: =AR9+AR27 -> 2500000 | AS45: =AS9+AS27 -> 1000000
B46: უნიმშენი | C46: =C10+C28 -> 8805000 | D46: =D10+D28 -> 3290000 | E46: =E10+E28 -> 5515000 | F46: =F10+F28 -> 4912827 | G46: =G10+G28 -> 4418016 | H46: =H10+H28 -> -602173 | I46: =I10+I28 -> 494811 | J46: =J10+J28 -> 1265000 | ... AG46: =AG10+AG28 -> 0 | AH46: =J46+L46+N46+P46+R46+T46+V46+X46+Z46+AB46+AD46+AF46 -> 4712827 | AI46: =K46+M46+O46+Q46+S46+U46+W46+Y46+AA46+AC46+AE46+AG46 -> 4418016 | AK46: =AK10+AK28 -> 294811 | AL46: =AL10+AL28 -> 200000 | AR46: =AR10+AR28 -> 350000 | AS46: =AS10+AS28 -> 200000
B47: ინტერსერვისი 2011 | C47: =C11+C29 -> 9445025.2 | D47: =D11+D29 -> 6119239 | E47: =E11+E29 -> 3325786.2 | F47: =F11+F29 -> 4334531.2 | G47: =G11+G29 -> 3483854.9 | H47: =H11+H29 -> 1008745 | I47: =I11+I29 -> 850676.32 | J47: =J11+J29 -> 1042386.2 | ... AG47: =AG11+AG29 -> 0 | AH47: =J47+L47+N47+P47+R47+T47+V47+X47+Z47+AB47+AD47+AF47 -> 3254531.2 | AI47: =K47+M47+O47+Q47+S47+U47+W47+Y47+AA47+AC47+AE47+AG47 -> 3483854.9 | AK47: =AK11+AK29 -> 449125.59 | AL47: =AL11+AL29 -> 580000 | AR47: =AR11+AR29 -> 750000 | AS47: =AS11+AS29 -> 550000
B48: გაზსერვისი | C48: =C12+C30 -> 9078995.9 | D48: =D12+D30 -> 2901745.9 | E48: =E12+E30 -> 6177250 | F48: =F12+F30 -> 9788052.8 | G48: =G12+G30 -> 7285730.2 | H48: =H12+H30 -> 3610802.8 | I48: =I12+I30 -> 2502322.6 | J48: =J12+J30 -> 2802500 | ... AG48: =AG12+AG30 -> 0 | AH48: =J48+L48+N48+P48+R48+T48+V48+X48+Z48+AB48+AD48+AF48 -> 6888052.8 | AI48: =K48+M48+O48+Q48+S48+U48+W48+Y48+AA48+AC48+AE48+AG48 -> 7285730.2 | AK48: =AK12+AK30 -> 1000000 | AL48: =AL12+AL30 -> 1500000 | AR48: =AR12+AR30 -> 1750000 | AS48: =AS12+AS30 -> 650000
B49: არქიტექტ პროჯექტ კომპანი | C49: =C13+C31 -> 0 | D49: =D13+D31 -> 0 | E49: =E13+E31 -> 0 | F49: =F13+F31 -> 470000 | G49: =G13+G31 -> 0 | H49: =H13+H31 -> 470000 | I49: =I13+I31 -> 470000 | J49: =J13+J31 -> 0 | ... AG49: =AG13+AG31 -> 0 | AH49: =J49+L49+N49+P49+R49+T49+V49+X49+Z49+AB49+AD49+AF49 -> 120000 | AI49: =K49+M49+O49+Q49+S49+U49+W49+Y49+AA49+AC49+AE49+AG49 -> 0 | AK49: =AK13+AK31 -> 350000 | AL49: =AL13+AL31 -> 120000 | AR49: =AR13+AR31 -> 0 | AS49: =AS13+AS31 -> 0
B50: ჯი პი | C50: =C14+C32 -> 0 | D50: =D14+D32 -> 0 | E50: =E14+E32 -> 0 | F50: =F14+F32 -> 15000 | G50: =G14+G32 -> 0 | H50: =H14+H32 -> 15000 | I50: =I14+I32 -> 15000 | J50: =J14+J32 -> 0 | ... AG50: =AG14+AG32 -> 0 | AH50: =J50+L50+N50+P50+R50+T50+V50+X50+Z50+AB50+AD50+AF50 -> 0 | AI50: =K50+M50+O50+Q50+S50+U50+W50+Y50+AA50+AC50+AE50+AG50 -> 0 | AK50: =AK14+AK32 -> 15000 | AL50: =AL14+AL32 -> 0 | AR50: =AR14+AR32 -> 0 | AS50: =AS14+AS32 -> 0
B51: ინტერგაზი | C51: =C15+C33 -> 37585251 | D51: =D15+D33 -> 23715251 | E51: =E15+E33 -> 13870000 | F51: =F15+F33 -> 15586800 | G51: =G15+G33 -> 15029637 | H51: =H15+H33 -> 1716800 | I51: =I15+I33 -> 557163.1 | J51: =J15+J33 -> 6070000 | ... AG51: =AG15+AG33 -> 0 | AH51: =J51+L51+N51+P51+R51+T51+V51+X51+Z51+AB51+AD51+AF51 -> 14736800 | AI51: =K51+M51+O51+Q51+S51+U51+W51+Y51+AA51+AC51+AE51+AG51 -> 15029637 | AK51: =AK15+AK33 -> 0 | AL51: =AL15+AL33 -> 850000 | AR51: =AR15+AR33 -> 1500000 | AS51: =AS15+AS33 -> 600000
B52: გაზკონსტრაქტი | C52: =C16+C34 -> 21476736 | D52: =D16+D34 -> 9935423.2 | E52: =E16+E34 -> 11541313 | F52: =F16+F34 -> 13956801 | G52: =G16+G34 -> 12138767 | H52: =H16+H34 -> 2415488.5 | I52: =I16+I34 -> 1818034.7 | J52: =J16+J34 -> 3133312.9 | ... AG52: =AG16+AG34 -> 0 | AH52: =J52+L52+N52+P52+R52+T52+V52+X52+Z52+AB52+AD52+AF52 -> 11556801 | AI52: =K52+M52+O52+Q52+S52+U52+W52+Y52+AA52+AC52+AE52+AG52 -> 12138767 | AK52: =AK16+AK34 -> 1360000 | AL52: =AL16+AL34 -> 1000000 | AM52: =AK52+AL52 -> 2360000 | AN52: 240000 | AR52: =AR16+AR34 -> 4700000 | AS52: =AS16+AS34 -> 850000
B53: ენერჯი სერვისი | C53: =C17+C35 -> 5929200 | D53: =D17+D35 -> 52500 | E53: =E17+E35 -> 5876700 | F53: =F17+F35 -> 5864400 | G53: =G17+G35 -> 5675025.6 | H53: =H17+H35 -> -12300 | I53: =I17+I35 -> 189374.45 | J53: =J17+J35 -> 376700 | ... AG53: =AG17+AG35 -> 0 | AH53: =J53+L53+N53+P53+R53+T53+V53+X53+Z53+AB53+AD53+AF53 -> 5864400 | AI53: =K53+M53+O53+Q53+S53+U53+W53+Y53+AA53+AC53+AE53+AG53 -> 5675025.5 | AK53: =AK17+AK35 -> 500000 | AL53: =AL17+AL35 -> 500000 | AN53: 310000 | AR53: =AR17+AR35 -> 500000 | AS53: =AS17+AS35 -> 500000
C54: =C18+C36 -> 0 | D54: =D18+D36 -> 0 | E54: =E18+E36 -> 0 | F54: =F18+F36 -> 0 | G54: =G18+G36 -> 0 | H54: =H18+H36 -> 0 | I54: =I18+I36 -> 0 | J54: =J18+J36 -> 0 | ... AG54: =AG18+AG36 -> 0 | AI54: =K54+M54+O54+Q54+S54+U54+W54+Y54+AA54+AC54+AE54+AG54 -> 0 | AN54: =AN52+AN53 -> 550000
AN55: =AM52-AN54 -> 1810000
G56: =G38-G37 -> 1719580.5 | I56: =I38-I37 -> -1354580.5

Sheet ინტერსერვისი SGG
B1: ინტერსერვისი SGG | F1: 7975074 | G1: 14972276 | BC1: =BC2-BC7 -> 0
F2: =F1-F7 -> 4614610.2 | G2: =G1-G7 -> 4904435.4 | AQ2: =AP7-AQ7 -> 8032.32 | AW2: =AW7-AV7 -> 80248.11 | BC2: 582600 | BJ2: 357784.21 | BX2: 139000
A3: № | B3: ქალაქი, მუნიციპალიტეტი | C3: სემეკის კოდი (P) | D3: სამშენებლო ობიექტის დასახელება | E3: პროექტირება/ მშენებლობა | F3: გეგმა 2025 | G3: ობიექტის საპროგნოზო ღირებულება | H3: ობიექტის ღირებულება სემეკის მიერ დამტკიცებული საინვესტიციო გეგმის მიხედვით | I3: 31.12.23-მდე | K3: 2024 წელი | M3: სულ ჩაბარდა დღემდე | O3: ობიექტის საბოლოო ღირებულება | P3: 01.01.24 -დან 01.11.24 - მდე პერიოდში | R3: სულ 01.11.24-მდე | T3: 2024 წელი | AL3: 2025
N4: დარჩა ჩასაბარებელი | T4: ნოემბერი 2024 | Z4: დეკემბერი 2024 | AF4: 2024 წელი | AL4: იანვარი 2025 | AR4: თებერვალი 2025 | AX4: მარტი 2025 | BE4: აპრილი 2025 | BL4: მაისი 2025 | BS4: ივნისი 2025 | BZ4: ივლისი 2025 | CF4: აგვისტო 2025 | CL4: სექტემბერი 2025 | CR4: ოქტომბერი 2025 | CX4: ნოემბერი 2025 | DD4: დეკემბერი 2025 | DJ4: სულ 2025 წელი
I5: შუალედ. ჩაბარება | J5: მათ შორის ექსპ. მიღებ. | K5: სულ ჩაბარდა | L5: ექსპ. მიღებ. | P5: შუალედ. ჩაბარება | Q5: ბოლო ჩაბარება | R5: შუალედ. ჩაბარება | S5: ბოლო ჩაბარება | T5: შუალედ. ჩაბარება | V5: ბოლო ჩაბარება | X5: სულ | Z5: შუალედ. ჩაბარება | AB5: ბოლო ჩაბარება | AD5: სულ | AF5: შუალედ. ჩაბარება | AH5: ბოლო ჩაბარება | AJ5: სულ | AL5: შუალედ. ჩაბარება | AN5: ბოლო ჩაბარება | AP5: სულ | AR5: შუალედ. ჩაბარება | AT5: ბოლო ჩაბარება | AV5: სულ | AX5: შუალედ. ჩაბარება | AZ5: ბოლო ჩაბარება | BB5: სულ | BE5: შუალედ. ჩაბარება | BG5: ბოლო ჩაბარება | BI5: სულ | BL5: შუალედ. ჩაბარება | BN5: ბოლო ჩაბარება | BP5: სულ | BS5: შუალედ. ჩაბარება | BU5: ბოლო ჩაბარება | BW5: სულ | BZ5: შუალედ. ჩაბარება | CB5: ბოლო ჩაბარება | CD5: სულ | CF5: შუალედ. ჩაბარება | CH5: ბოლო ჩაბარება | CJ5: სულ | CL5: შუალედ. ჩაბარება | CN5: ბოლო ჩაბარება | CP5: სულ | CR5: შუალედ. ჩაბარება | CT5: ბოლო ჩაბარება | CV5: სულ | CX5: შუალედ. ჩაბარება | CZ5: ბოლო ჩაბარება | DB5: სულ | DD5: შუალედ. ჩაბარება | DF5: ბოლო ჩაბარება | DH5: სულ | DJ5: შუალედ. ჩაბარება | DL5: ბოლო ჩაბარება | DN5: სულ
T6: გეგმა | U6: ფაქტი | V6: გეგმა | W6: ფაქტი | X6: გეგმა | Y6: ფაქტი | Z6: გეგმა | AA6: ფაქტი | AB6: გეგმა | AC6: ფაქტი | AD6: გეგმა | AE6: ფაქტი | AF6: გეგმა | AG6: ფაქტი | AH6: გეგმა | AI6: ფაქტი | AJ6: გეგმა | AK6: ფაქტი | AL6: გეგმა | AM6: ფაქტი | AN6: გეგმა | AO6: ფაქტი | AP6: გეგმა | AQ6: ფაქტი | AR6: გეგმა | AS6: ფაქტი | AT6: გეგმა | AU6: ფაქტი | AV6: გეგმა | AW6: ფაქტი | AX6: გეგმა | AY6: ფაქტი | AZ6: გეგმა | BA6: ფაქტი | BB6: გეგმა | BC6: გეგმა 13 მარ | BD6: ფაქტი | BE6: გეგმა | BF6: ფაქტი | BG6: გეგმა | BH6: ფაქტი | BI6: გეგმა | BJ6: გეგმა 13 მარ | BK6: ფაქტი | BL6: გეგმა | BM6: ფაქტი | BN6: გეგმა | BO6: ფაქტი | BP6: გეგმა | BQ6: გეგმა 13 მარ | BR6: ფაქტი | BS6: გეგმა | BT6: ფაქტი | BU6: გეგმა | BV6: ფაქტი | BW6: გეგმა | BX6: გეგმა 13 მარ | BY6: ფაქტი | BZ6: გეგმა | CA6: ფაქტი | CB6: გეგმა | CC6: ფაქტი | CD6: გეგმა | CE6: ფაქტი | CF6: გეგმა | CG6: ფაქტი | CH6: გეგმა | CI6: ფაქტი | CJ6: გეგმა | CK6: ფაქტი | CL6: გეგმა | CM6: ფაქტი | CN6: გეგმა | CO6: ფაქტი | CP6: გეგმა | CQ6: ფაქტი | CR6: გეგმა | CS6: ფაქტი | CT6: გეგმა | CU6: ფაქტი | CV6: გეგმა | CW6: ფაქტი | CX6: გეგმა | CY6: ფაქტი | CZ6: გეგმა | DA6: ფაქტი | DB6: გეგმა | DC6: ფაქტი | DD6: გეგმა | DE6: ფაქტი | DF6: გეგმა | DG6: ფაქტი | DH6: გეგმა | DI6: ფაქტი | DJ6: გეგმა | DK6: ფაქტი | DL6: გეგმა | DM6: ფაქტი | DN6: გეგმა | DO6: ფაქტი
A7: =SUBTOTAL(3,A9:A155) -> 147 | B7: =SUBTOTAL(3,B9:B155) -> 147 | C7: =SUBTOTAL(3,C9:C155) -> 144 | D7: =SUBTOTAL(3,D9:D155) -> 147 | E7: =SUBTOTAL(3,E9:E155) -> 147 | F7: =SUBTOTAL(9,F9:F155) -> 3360463.8 | G7: =SUBTOTAL(9,G9:G155) -> 10067841 | H7: =SUBTOTAL(9,H9:H155) -> 11648998 | I7: =SUBTOTAL(9,I9:I155) -> 494716.25 | J7: =SUBTOTAL(9,J9:J155) -> 0 | K7: =SUBTOTAL(9,K9:K155) -> 6502485.6 | L7: =SUBTOTAL(9,L9:L155) -> 3108485.6 | M7: =SUBTOTAL(9,M9:M155) -> 6997201.8 | ... DO7: =SUBTOTAL(9,DO9:DO155) -> 2339837.6
A9: 1 | B9: გარდაბანი | D9: მარტყოფი (აკრიანის არეალი)(I ეტაპი) | E9: მშენებლობა | F9: =SUM(DN9) -> 950000 | G9: =I9+AK9+DN9 -> 950000 | H9: 850000 | I9: 0 | J9: 0 | K9: =AK9 -> 0 | L9: =IF(AI9>0,I9+AK9-J9,0) -> 0 | M9: =I9+K9 -> 0 | N9: =G9-M9 -> 950000 | O9: =IF(AND(AI9>0,DM9>0),"შეცდომაა! ერთზე მეტი ბოლო ჩაბარება!",IF(OR(AI9>0,DM9>0,),IF(AI9>0,I9+AK9,I9+AK9+DO9),IF(AND(I9=0,K9=0,DO9=0),"ნულოვანი შესრულება","მიმდინარეობს"))) -> ნულოვანი შესრულება | R9: =I9+P9 -> 0 | S9: =Q9 -> 0 | X9: =T9+V9 -> 0 | Y9: =U9+W9 -> 0 | AD9: =Z9+AB9 -> 0 | AE9: =AA9+AC9 -> 0 | AF9: =P9+T9+Z9 -> 0 | AG9: =P9+U9+AA9 -> 0 | AH9: =Q9+V9+AB9 -> 0 | AI9: =Q9+W9+AC9 -> 0 | AJ9: =AF9+AH9 -> 0 | AK9: =AG9+AI9 -> 0 | AP9: =AL9+AN9 -> 0 | AQ9: =AM9+AO9 -> 0 | AR9: 200000 | AV9: =AR9+AT9 -> 200000 | AW9: =AS9+AU9 -> 0 | AX9: 250000 | BB9: =AX9+AZ9 -> 250000 | BD9: =AY9+BA9 -> 0 | BE9: 250000 | BI9: =BE9+BG9 -> 250000 | BK9: =BF9+BH9 -> 0 | BL9: 250000 | BP9: =BL9+BN9 -> 250000 | BR9: =BM9+BO9 -> 0 | BU9: 100000 | BW9: =BS9+BU9 -> 100000 | BY9: =BT9+BV9 -> 0 | CD9: =BZ9+CB9 -> 0 | CE9: =CA9+CC9 -> 0 | CJ9: =CF9+CH9 -> 0 | CK9: =CG9+CI9 -> 0 | CP9: =CL9+CN9 -> 0 | CQ9: =CM9+CO9 -> 0 | CV9: =CR9+CT9 -> 0 | CW9: =CS9+CU9 -> 0 | DB9: =CX9+CZ9 -> 0 | DC9: =CY9+DA9 -> 0 | DH9: =DD9+DF9 -> 0 | DI9: =DE9+DG9 -> 0 | DJ9: =AL9+AR9+AX9+BE9+BL9+BS9+BZ9+CF9+CL9+CR9+CX9+DD9 -> 950000 | DK9: =AM9+AS9+AY9+BF9+BM9+BT9+CA9+CG9+CM9+CS9+CY9+DE9 -> 0 | DL9: =AN9+AT9+BC9+BJ9+BQ9+BX9+CB9+CH9+CN9+CT9+CZ9+DF9 -> 0 | DM9: =AO9+AU9+BA9+BH9+BO9+BV9+CC9+CI9+CO9+CU9+DA9+DG9 -> 0 | DN9: =DJ9+DL9 -> 950000 | DO9: =DK9+DM9 -> 0
A10: 2 | B10: ახმეტა | C10: P.2.94 | D10: ქ. ახმეტა რუსთაველის ქუჩის გაზსადენის რეაბილიტაცია | E10: მშენებლობა | F10: =SUM(DN10) -> 0 | G10: =I10+AK10+DN10 -> 364847.96 | H10: 150120 | I10: 0 | J10: 0 | K10: =AK10 -> 364847.96 | L10: =IF(AI10>0,I10+AK10-J10,0) -> 364847.96 | M10: =I10+K10 -> 364847.96 | N10: =G10-M10 -> 0 | O10: =IF(AND(AI10>0,DM10>0),"შეცდომაა! ერთზე მეტი ბოლო ჩაბარება!",IF(OR(AI10>0,DM10>0,),IF(AI10>0,I10+AK10,I10+AK10+DO10),IF(AND(I10=0,K10=0,DO10=0),"ნულოვანი შესრულება","მიმდინარეობს"))) -> 364847.96 | P10: 320000 | Q10: 44847.96 | R10: =I10+P10 -> 320000 | S10: =Q10 -> 44847.96 | X10: =T10+V10 -> 0 | Y10: =U10+W10 -> 0 | AD10: =Z10+AB10 -> 0 | AE10: =AA10+AC10 -> 0 | AF10: =P10+T10+Z10 -> 320000 | AG10: =P10+U10+AA10 -> 320000 | AH10: =Q10+V10+AB10 -> 44847.96 | AI10: =Q10+W10+AC10 -> 44847.96 | AJ10: =AF10+AH10 -> 364847.96 | AK10: =AG10+AI10 -> 364847.96 | AP10: =AL10+AN10 -> 0 | AQ10: =AM10+AO10 -> 0 | AV10: =AR10+AT10 -> 0 | AW10: =AS10+AU10 -> 0 | BB10: =AX10+AZ10 -> 0 | BD10: =AY10+BA10 -> 0 | BI10: =BE10+BG10 -> 0 | BK10: =BF10+BH10 -> 0 | BP10: =BL10+BN10 -> 0 | BR10: =BM10+BO10 -> 0 | BW10: =BS10+BU10 -> 0 | BY10: =BT10+BV10 -> 0 | CD10: =BZ10+CB10 -> 0 | CE10: =CA10+CC10 -> 0 | CJ10: =CF10+CH10 -> 0 | CK10: =CG10+CI10 -> 0 | CP10: =CL10+CN10 -> 0 | CQ10: =CM10+CO10 -> 0 | CV10: =CR10+CT10 -> 0 | CW10: =CS10+CU10 -> 0 | DB10: =CX10+CZ10 -> 0 | DC10: =CY10+DA10 -> 0 | DH10: =DD10+DF10 -> 0 | DI10: =DE10+DG10 -> 0 | DJ10: =AL10+AR10+AX10+BE10+BL10+BS10+BZ10+CF10+CL10+CR10+CX10+DD10 -> 0 | DK10: =AM10+AS10+AY10+BF10+BM10+BT10+CA10+CG10+CM10+CS10+CY10+DE10 -> 0 | DL10: =AN10+AT10+BC10+BJ10+BQ10+BX10+CB10+CH10+CN10+CT10+CZ10+DF10 -> 0 | DM10: =AO10+AU10+BA10+BH10+BO10+BV10+CC10+CI10+CO10+CU10+DA10+DG10 -> 0 | DN10: =DJ10+DL10 -> 0 | DO10: =DK10+DM10 -> 0
A11: 3 | B11: ახმეტა | C11: P.2.518 | D11: (16) ახმეტის მუნიციპალიტეტი სოფელი მატანის გაზსადენის რეაბილიტაცია მატნის საუბნოდან სოფლის შესასვლელამდე | E11: დაპროექტება | F11: =SUM(DN11) -> 0 | G11: =I11+AK11+DN11 -> 3766 | I11: 0 | J11: 0 | K11: =AK11 -> 3766 | L11: =IF(AI11>0,I11+AK11-J11,0) -> 3766 | M11: =I11+K11 -> 3766 | N11: =G11-M11 -> 0 | O11: =IF(AND(AI11>0,DM11>0),"შეცდომაა! ერთზე მეტი ბოლო ჩაბარება!",IF(OR(AI11>0,DM11>0,),IF(AI11>0,I11+AK11,I11+AK11+DO11),IF(AND(I11=0,K11=0,DO11=0),"ნულოვანი შესრულება","მიმდინარეობს"))) -> 3766 | Q11: 3766 | R11: =I11+P11 -> 0 | S11: =Q11 -> 3766 | X11: =T11+V11 -> 0 | Y11: =U11+W11 -> 0 | AD11: =Z11+AB11 -> 0 | AE11: =AA11+AC11 -> 0 | AF11: =P11+T11+Z11 -> 0 | AG11: =P11+U11+AA11 -> 0 | AH11: =Q11+V11+AB11 -> 3766 | AI11: =Q11+W11+AC11 -> 3766 | AJ11: =AF11+AH11 -> 3766 | AK11: =AG11+AI11 -> 3766 | AP11: =AL11+AN11 -> 0 | AQ11: =AM11+AO11 -> 0 | AV11: =AR11+AT11 -> 0 | AW11: =AS11+AU11 -> 0 | BB11: =AX11+AZ11 -> 0 | BD11: =AY11+BA11 -> 0 | BI11: =BE11+BG11 -> 0 | BK11: =BF11+BH11 -> 0 | BP11: =BL11+BN11 -> 0 | BR11: =BM11+BO11 -> 0 | BW11: =BS11+BU11 -> 0 | BY11: =BT11+BV11 -> 0 | CD11: =BZ11+CB11 -> 0 | CE11: =CA11+CC11 -> 0 | CJ11: =CF11+CH11 -> 0 | CK11: =CG11+CI11 -> 0 | CP11: =CL11+CN11 -> 0 | CQ11: =CM11+CO11 -> 0 | CV11: =CR11+CT11 -> 0 | CW11: =CS11+CU11 -> 0 | DB11: =CX11+CZ11 -> 0 | DC11: =CY11+DA11 -> 0 | DH11: =DD11+DF11 -> 0 | DI11: =DE11+DG11 -> 0 | DJ11: =AL11+AR11+AX11+BE11+BL11+BS11+BZ11+CF11+CL11+CR11+CX11+DD11 -> 0 | DK11: =AM11+AS11+AY11+BF11+BM11+BT11+CA11+CG11+CM11+CS11+CY11+DE11 -> 0 | DL11: =AN11+AT11+BC11+BJ11+BQ11+BX11+CB11+CH11+CN11+CT11+CZ11+DF11 -> 0 | DM11: =AO11+AU11+BA11+BH11+BO11+BV11+CC11+CI11+CO11+CU11+DA11+DG11 -> 0 | DN11: =DJ11+DL11 -> 0 | DO11: =DK11+DM11 -> 0
A12: 4 | B12: ახმეტა | C12: P.2.526 | D12: (40) ქ. ახმეტა გორგასლის პირველი შესახვევი მიწისქვეშა გაზსადენის რეაბილიტაცია | E12: დაპროექტება | F12: =SUM(DN12) -> 0 | G12: =I12+AK12+DN12 -> 1242.5 | I12: 0 | J12: 0 | K12: =AK12 -> 1242.5 | L12: =IF(AI12>0,I12+AK12-J12,0) -> 1242.5 | M12: =I12+K12 -> 1242.5 | N12: =G12-M12 -> 0 | O12: =IF(AND(AI12>0,DM12>0),"შეცდომაა! ერთზე მეტი ბოლო ჩაბარება!",IF(OR(AI12>0,DM12>0,),IF(AI12>0,I12+AK12,I12+AK12+DO12),IF(AND(I12=0,K12=0,DO12=0),"ნულოვანი შესრულება","მიმდინარეობს"))) -> 1242.5 | Q12: 1242.5 | R12: =I12+P12 -> 0 | S12: =Q12 -> 1242.5 | X12: =T12+V12 -> 0 | Y12: =U12+W12 -> 0 | AD12: =Z12+AB12 -> 0 | AE12: =AA12+AC12 -> 0 | AF12: =P12+T12+Z12 -> 0 | AG12: =P12+U12+AA12 -> 0 | AH12: =Q12+V12+AB12 -> 1242.5 | AI12: =Q12+W12+AC12 -> 1242.5 | AJ12: =AF12+AH12 -> 1242.5 | AK12: =AG12+AI12 -> 1242.5 | AP12: =AL12+AN12 -> 0 | AQ12: =AM12+AO12 -> 0 | AV12: =AR12+AT12 -> 0 | AW12: =AS12+AU12 -> 0 | BB12: =AX12+AZ12 -> 0 | BD12: =AY12+BA12 -> 0 | BI12: =BE12+BG12 -> 0 | BK12: =BF12+BH12 -> 0 | BP12: =BL12+BN12 -> 0 | BR12: =BM12+BO12 -> 0 | BW12: =BS12+BU12 -> 0 | BY12: =BT12+BV12 -> 0 | CD12: =BZ12+CB12 -> 0 | CE12: =CA12+CC12 -> 0 | CJ12: =CF12+CH12 -> 0 | CK12: =CG12+CI12 -> 0 | CP12: =CL12+CN12 -> 0 | CQ12: =CM12+CO12 -> 0 | CV12: =CR12+CT12 -> 0 | CW12: =CS12+CU12 -> 0 | DB12: =CX12+CZ12 -> 0 | DC12: =CY12+DA12 -> 0 | DH12: =DD12+DF12 -> 0 | DI12: =DE12+DG12 -> 0 | DJ12: =AL12+AR12+AX12+BE12+BL12+BS12+BZ12+CF12+CL12+CR12+CX12+DD12 -> 0 | DK12: =AM12+AS12+AY12+BF12+BM12+BT12+CA12+CG12+CM12+CS12+CY12+DE12 -> 0 | DL12: =AN12+AT12+BC12+BJ12+BQ12+BX12+CB12+CH12+CN12+CT12+CZ12+DF12 -> 0 | DM12: =AO12+AU12+BA12+BH12+BO12+BV12+CC12+CI12+CO12+CU12+DA12+DG12 -> 0 | DN12: =DJ12+DL12 -> 0 | DO12: =DK12+DM12 -> 0
A13: 5 | B13: ახმეტა | C13: P.2.506 | D13: (37) ქ. ახმეტა დედის ქუჩის გაზსადენის რეაბილიტაცია პირველი მაისის ქუჩის გაზსადენის რეაბილიტაცია | E13: მშენებლობა | F13: =SUM(DN13) -> 0 | G13: =I13+AK13+DN13 -> 55798.55 | I13: 0 | J13: 0 | K13: =AK13 -> 55798.55 | L13: =IF(AI13>0,I13+AK13-J13,0) -> 55798.55 | M13: =I13+K13 -> 55798.55 | N13: =G13-M13 -> 0 | O13: =IF(AND(AI13>0,DM13>0),"შეცდომაა! ერთზე მეტი ბოლო ჩაბარება!",IF(OR(AI13>0,DM13>0,),IF(AI13>0,I13+AK13,I13+AK13+DO13),IF(AND(I13=0,K13=0,DO13=0),"ნულოვანი შესრულება","მიმდინარეობს"))) -> 55798.55 | P13: 30000 | Q13: 25798.55 | R13: =I13+P13 -> 30000 | S13: =Q13 -> 25798.55 | X13: =T13+V13 -> 0 | Y13: =U13+W13 -> 0 | AD13: =Z13+AB13 -> 0 | AE13: =AA13+AC13 -> 0 | AF13: =P13+T13+Z13 -> 30000 | AG13: =P13+U13+AA13 -> 30000 | AH13: =Q13+V13+AB13 -> 25798.55 | AI13: =Q13+W13+AC13 -> 25798.55 | AJ13: =AF13+AH13 -> 55798.55 | AK13: =AG13+AI13 -> 55798.55 | AP13: =AL13+AN13 -> 0 | AQ13: =AM13+AO13 -> 0 | AV13: =AR13+AT13 -> 0 | AW13: =AS13+AU13 -> 0 | BB13: =AX13+AZ13 -> 0 | BD13: =AY13+BA13 -> 0 | BI13: =BE13+BG13 -> 0 | BK13: =BF13+BH13 -> 0 | BP13: =BL13+BN13 -> 0 | BR13: =BM13+BO13 -> 0 | BW13: =BS13+BU13 -> 0 | BY13: =BT13+BV13 -> 0 | CD13: =BZ13+CB13 -> 0 | CE13: =CA13+CC13 -> 0 | CJ13: =CF13+CH13 -> 0 | CK13: =CG13+CI13 -> 0 | CP13: =CL13+CN13 -> 0 | CQ13: =CM13+CO13 -> 0 | CV13: =CR13+CT13 -> 0 | CW13: =CS13+CU13 -> 0 | DB13: =CX13+CZ13 -> 0 | DC13: =CY13+DA13 -> 0 | DH13: =DD13+DF13 -> 0 | DI13: =DE13+DG13 -> 0 | DJ13: =AL13+AR13+AX13+BE13+BL13+BS13+BZ13+CF13+CL13+CR13+CX13+DD13 -> 0 | DK13: =AM13+AS13+AY13+BF13+BM13+BT13+CA13+CG13+CM13+CS13+CY13+DE13 -> 0 | DL13: =AN13+AT13+BC13+BJ13+BQ13+BX13+CB13+CH13+CN13+CT13+CZ13+DF13 -> 0 | DM13: =AO13+AU13+BA13+BH13+BO13+BV13+CC13+CI13+CO13+CU13+DA13+DG13 -> 0 | DN13: =DJ13+DL13 -> 0 | DO13: =DK13+DM13 -> 0
A14: 6 | B14: მარნეული | C14: P.2.906 | D14: (1) სოფ ჯანდარის დაბალი წნევის მილის რეაბილიტაცია. (P.2.906) | E14: მშენებლობა | F14: =SUM(DN14) -> 0 | G14: =I14+AK14+DN14 -> 0 | H14: 540000 | I14: 0 | J14: 0 | K14: =AK14 -> 0 | L14: =IF(AI14>0,I14+AK14-J14,0) -> 0 | M14: =I14+K14 -> 0 | N14: =G14-M14 -> 0 | O14: =IF(AND(AI14>0,DM14>0),"შეცდომაა! ერთზე მეტი ბოლო ჩაბარება!",IF(OR(AI14>0,DM14>0,),IF(AI14>0,I14+AK14,I14+AK14+DO14),IF(AND(I14=0,K14=0,DO14=0),"ნულოვანი შესრულება","მიმდინარეობს"))) -> ნულოვანი შესრულება | R14: =I14+P14 -> 0 | S14: =Q14 -> 0 | X14: =T14+V14 -> 0 | Y14: =U14+W14 -> 0 | AD14: =Z14+AB14 -> 0 | AE14: =AA14+AC14 -> 0 | AF14: =P14+T14+Z14 -> 0 | AG14: =P14+U14+AA14 -> 0 | AH14: =Q14+V14+AB14 -> 0 | AI14: =Q14+W14+AC14 -> 0 | AJ14: =AF14+AH14 -> 0 | AK14: =AG14+AI14 -> 0 | AP14: =AL14+AN14 -> 0 | AQ14: =AM14+AO14 -> 0 | AV14: =AR14+AT14 -> 0 | AW14: =AS14+AU14 -> 0 | BB14: =AX14+AZ14 -> 0 | BD14: =AY14+BA14 -> 0 | BI14: =BE14+BG14 -> 0 | BK14: =BF14+BH14 -> 0 | BP14: =BL14+BN14 -> 0 | BR14: =BM14+BO14 -> 0 | BW14: =BS14+BU14 -> 0 | BY14: =BT14+BV14 -> 0 | CD14: =BZ14+CB14 -> 0 | CE14: =CA14+CC14 -> 0 | CJ14: =CF14+CH14 -> 0 | CK14: =CG14+CI14 -> 0 | CP14: =CL14+CN14 -> 0 | CQ14: =CM14+CO14 -> 0 | CV14: =CR14+CT14 -> 0 | CW14: =CS14+CU14 -> 0 | DB14: =CX14+CZ14 -> 0 | DC14: =CY14+DA14 -> 0 | DH14: =DD14+DF14 -> 0 | DI14: =DE14+DG14 -> 0 | DJ14: =AL14+AR14+AX14+BE14+BL14+BS14+BZ14+CF14+CL14+CR14+CX14+DD14 -> 0 | DK14: =AM14+AS14+AY14+BF14+BM14+BT14+CA14+CG14+CM14+CS14+CY14+DE14 -> 0 | DL14: =AN14+AT14+BC14+BJ14+BQ14+BX14+CB14+CH14+CN14+CT14+CZ14+DF14 -> 0 | DM14: =AO14+AU14+BA14+BH14+BO14+BV14+CC14+CI14+CO14+CU14+DA14+DG14 -> 0 | DN14: =DJ14+DL14 -> 0 | DO14: =DK14+DM14 -> 0
A15: 7 | B15: გარდაბანი | C15: P.2.134 | D15: 1.1.2. В Гардабанском муниципалитете реабилитационные работы питающего газопровода c. Караджалар и с. Каратаклия. (P.2.134) | E15: მშენებლობა | F15: =SUM(DN15) -> 0 | G15: =I15+AK15+DN15 -> 0 | H15: 335000 | I15: 0 | J15: 0 | K15: =AK15 -> 0 | L15: =IF(AI15>0,I15+AK15-J15,0) -> 0 | M15: =I15+K15 -> 0 | N15: =G15-M15 -> 0 | O15: =IF(AND(AI15>0,DM15>0),"შეცდომაა! ერთზე მეტი ბოლო ჩაბარება!",IF(OR(AI15>0,DM15>0,),IF(AI15>0,I15+AK15,I15+AK15+DO15),IF(AND(I15=0,K15=0,DO15=0),"ნულოვანი შესრულება","მიმდინარეობს"))) -> ნულოვანი შესრულება | R15: =I15+P15 -> 0 | S15: =Q15 -> 0 | X15: =T15+V15 -> 0 | Y15: =U15+W15 -> 0 | AD15: =Z15+AB15 -> 0 | AE15: =AA15+AC15 -> 0 | AF15: =P15+T15+Z15 -> 0 | AG15: =P15+U15+AA15 -> 0 | AH15: =Q15+V15+AB15 -> 0 | AI15: =Q15+W15+AC15 -> 0 | AJ15: =AF15+AH15 -> 0 | AK15: =AG15+AI15 -> 0 | AP15: =AL15+AN15 -> 0 | AQ15: =AM15+AO15 -> 0 | AV15: =AR15+AT15 -> 0 | AW15: =AS15+AU15 -> 0 | BB15: =AX15+AZ15 -> 0 | BD15: =AY15+BA15 -> 0 | BI15: =BE15+BG15 -> 0 | BK15: =BF15+BH15 -> 0 | BP15: =BL15+BN15 -> 0 | BR15: =BM15+BO15 -> 0 | BW15: =BS15+BU15 -> 0 | BY15: =BT15+BV15 -> 0 | CD15: =BZ15+CB15 -> 0 | CE15: =CA15+CC15 -> 0 | CJ15: =CF15+CH15 -> 0 | CK15: =CG15+CI15 -> 0 | CP15: =CL15+CN15 -> 0 | CQ15: =CM15+CO15 -> 0 | CV15: =CR15+CT15 -> 0 | CW15: =CS15+CU15 -> 0 | DB15: =CX15+CZ15 -> 0 | DC15: =CY15+DA15 -> 0 | DH15: =DD15+DF15 -> 0 | DI15: =DE15+DG15 -> 0 | DJ15: =AL15+AR15+AX15+BE15+BL15+BS15+BZ15+CF15+CL15+CR15+CX15+DD15 -> 0 | DK15: =AM15+AS15+AY15+BF15+BM15+BT15+CA15+CG15+CM15+CS15+CY15+DE15 -> 0 | DL15: =AN15+AT15+BC15+BJ15+BQ15+BX15+CB15+CH15+CN15+CT15+CZ15+DF15 -> 0 | DM15: =AO15+AU15+BA15+BH15+BO15+BV15+CC15+CI15+CO15+CU15+DA15+DG15 -> 0 | DN15: =DJ15+DL15 -> 0 | DO15: =DK15+DM15 -> 0 | DP15: 2026 წელშია გადასატანი
A16: 8 | B16: გარდაბანი | C16: P.2.843 | D16: (16) გარდაბანი, სოფ. ყარაჯალაში მიწისქვეშა გადასვლების რეაბილიტაცია და მრიცხველების გამოტანა,შეცვლა P.2.843 | E16: მშენებლობა | F16: =SUM(DN16) -> 0 | G16: =I16+AK16+DN16 -> 0 | H16: 260000 | I16: 0 | J16: 0 | K16: =AK16 -> 0 | L16: =IF(AI16>0,I16+AK16-J16,0) -> 0 | M16: =I16+K16 -> 0 | N16: =G16-M16 -> 0 | O16: =IF(AND(AI16>0,DM16>0),"შეცდომაა! ერთზე მეტი ბოლო ჩაბარება!",IF(OR(AI16>0,DM16>0,),IF(AI16>0,I16+AK16,I16+AK16+DO16),IF(AND(I16=0,K16=0,DO16=0),"ნულოვანი შესრულება","მიმდინარეობს"))) -> ნულოვანი შესრულება | R16: =I16+P16 -> 0 | S16: =Q16 -> 0 | X16: =T16+V16 -> 0 | Y16: =U16+W16 -> 0 | AD16: =Z16+AB16 -> 0 | AE16: =AA16+AC16 -> 0 | AF16: =P16+T16+Z16 -> 0 | AG16: =P16+U16+AA16 -> 0 | AH16: =Q16+V16+AB16 -> 0 | AI16: =Q16+W16+AC16 -> 0 | AJ16: =AF16+AH16 -> 0 | AK16: =AG16+AI16 -> 0 | AP16: =AL16+AN16 -> 0 | AQ16: =AM16+AO16 -> 0 | AV16: =AR16+AT16 -> 0 | AW16: =AS16+AU16 -> 0 | BB16: =AX16+AZ16 -> 0 | BD16: =AY16+BA16 -> 0 | BI16: =BE16+BG16 -> 0 | BK16: =BF16+BH16 -> 0 | BP16: =BL16+BN16 -> 0 | BR16: =BM16+BO16 -> 0 | BW16: =BS16+BU16 -> 0 | BY16: =BT16+BV16 -> 0 | CD16: =BZ16+CB16 -> 0 | CE16: =CA16+CC16 -> 0 | CJ16: =CF16+CH16 -> 0 | CK16: =CG16+CI16 -> 0 | CP16: =CL16+CN16 -> 0 | CQ16: =CM16+CO16 -> 0 | CV16: =CR16+CT16 -> 0 | CW16: =CS16+CU16 -> 0 | DB16: =CX16+CZ16 -> 0 | DC16: =CY16+DA16 -> 0 | DH16: =DD16+DF16 -> 0 | DI16: =DE16+DG16 -> 0 | DJ16: =AL16+AR16+AX16+BE16+BL16+BS16+BZ16+CF16+CL16+CR16+CX16+DD16 -> 0 | DK16: =AM16+AS16+AY16+BF16+BM16+BT16+CA16+CG16+CM16+CS16+CY16+DE16 -> 0 | DL16: =AN16+AT16+BC16+BJ16+BQ16+BX16+CB16+CH16+CN16+CT16+CZ16+DF16 -> 0 | DM16: =AO16+AU16+BA16+BH16+BO16+BV16+CC16+CI16+CO16+CU16+DA16+DG16 -> 0 | DN16: =DJ16+DL16 -> 0 | DO16: =DK16+DM16 -> 0
A17: 9 | B17: გურჯაანი | C17: P.2.874 | D17: (4) 43-ე საუბნო კვანძზე (მელაანიდან გზის პირი, გაჩერებამდე) (ჩალაუბანში საშ. წნევის მიყვანა სოფ. მელაანამდე) დაბალი წნევის გაზსადენის რეაბილიტაცია. (P.2.874) | E17: მშენებლობა | F17: =SUM(DN17) -> 0 | H17: 240000 | I17: 0 | J17: 0 | K17: =AK17 -> 0 | L17: =IF(AI17>0,I17+AK17-J17,0) -> 0 | M17: =I17+K17 -> 0 | N17: =G17-M17 -> 0 | O17: =IF(AND(AI17>0,DM17>0),"შეცდომაა! ერთზე მეტი ბოლო ჩაბარება!",IF(OR(AI17>0,DM17>0,),IF(AI17>0,I17+AK17,I17+AK17+DO17),IF(AND(I17=0,K17=0,DO17=0),"ნულოვანი შესრულება","მიმდინარეობს"))) -> ნულოვანი შესრულება | R17: =I17+P17 -> 0 | S17: =Q17 -> 0 | X17: =T17+V17 -> 0 | Y17: =U17+W17 -> 0 | AD17: =Z17+AB17 -> 0 | AE17: =AA17+AC17 -> 0 | AF17: =P17+T17+Z17 -> 0 | AG17: =P17+U17+AA17 -> 0 | AH17: =Q17+V17+AB17 -> 0 | AI17: =Q17+W17+AC17 -> 0 | AJ17: =AF17+AH17 -> 0 | AK17: =AG17+AI17 -> 0 | AP17: =AL17+AN17 -> 0 | AQ17: =AM17+AO17 -> 0 | AV17: =AR17+AT17 -> 0 | AW17: =AS17+AU17 -> 0 | BB17: =AX17+AZ17 -> 0 | BD17: =AY17+BA17 -> 0 | BI17: =BE17+BG17 -> 0 | BK17: =BF17+BH17 -> 0 | BP17: =BL17+BN17 -> 0 | BR17: =BM17+BO17 -> 0 | BW17: =BS17+BU17 -> 0 | BY17: =BT17+BV17 -> 0 | CD17: =BZ17+CB17 -> 0 | CE17: =CA17+CC17 -> 0 | CJ17: =CF17+CH17 -> 0 | CK17: =CG17+CI17 -> 0 | CP17: =CL17+CN17 -> 0 | CQ17: =CM17+CO17 -> 0 | CV17: =CR17+CT17 -> 0 | CW17: =CS17+CU17 -> 0 | DB17: =CX17+CZ17 -> 0 | DC17: =CY17+DA17 -> 0 | DH17: =DD17+DF17 -> 0 | DI17: =DE17+DG17 -> 0 | DJ17: =AL17+AR17+AX17+BE17+BL17+BS17+BZ17+CF17+CL17+CR17+CX17+DD17 -> 0 | DK17: =AM17+AS17+AY17+BF17+BM17+BT17+CA17+CG17+CM17+CS17+CY17+DE17 -> 0 | DL17: =AN17+AT17+BC17+BJ17+BQ17+BX17+CB17+CH17+CN17+CT17+CZ17+DF17 -> 0 | DM17: =AO17+AU17+BA17+BH17+BO17+BV17+CC17+CI17+CO17+CU17+DA17+DG17 -> 0 | DN17: =DJ17+DL17 -> 0 | DO17: =DK17+DM17 -> 0
A18: 10 | B18: გურჯაანი | C18: P.2.871 | D18: (3) 34-ე საუბნო (სოფ. დარჩეთი, ცენტრალური გზა, ორივე მხრიდან) (არაშენდიდან ქოდალომდე) ბესოს ფერმასთან (შესასვლელში) (დარჩეთის სკოლასთან) წნევის გაზსადენის რეაბილიტაცია. (P.2.871) | E18: მშენებლობა | F18: =SUM(DN18) -> 0 | G18: =I18+AK18+DN18 -> 0 | H18: 300000 | I18: 0 | J18: 0 | K18: =AK18 -> 0 | L18: =IF(AI18>0,I18+AK18-J18,0) -> 0 | M18: =I18+K18 -> 0 | N18: =G18-M18 -> 0 | O18: =IF(AND(AI18>0,DM18>0),"შეცდომაა! ერთზე მეტი ბოლო ჩაბარება!",IF(OR(AI18>0,DM18>0,),IF(AI18>0,I18+AK18,I18+AK18+DO18),IF(AND(I18=0,K18=0,DO18=0),"ნულოვანი შესრულება","მიმდინარეობს"))) -> ნულოვანი შესრულება | R18: =I18+P18 -> 0 | S18: =Q18 -> 0 | X18: =T18+V18 -> 0 | Y18: =U18+W18 -> 0 | AD18: =Z18+AB18 -> 0 | AE18: =AA18+AC18 -> 0 | AF18: =P18+T18+Z18 -> 0 | AG18: =P18+U18+AA18 -> 0 | AH18: =Q18+V18+AB18 -> 0 | AI18: =Q18+W18+AC18 -> 0 | AJ18: =AF18+AH18 -> 0 | AK18: =AG18+AI18 -> 0 | AP18: =AL18+AN18 -> 0 | AQ18: =AM18+AO18 -> 0 | AV18: =AR18+AT18 -> 0 | AW18: =AS18+AU18 -> 0 | BB18: =AX18+AZ18 -> 0 | BD18: =AY18+BA18 -> 0 | BI18: =BE18+BG18 -> 0 | BK18: =BF18+BH18 -> 0 | BP18: =BL18+BN18 -> 0 | BR18: =BM18+BO18 -> 0 | BW18: =BS18+BU18 -> 0 | BY18: =BT18+BV18 -> 0 | CD18: =BZ18+CB18 -> 0 | CE18: =CA18+CC18 -> 0 | CJ18: =CF18+CH18 -> 0 | CK18: =CG18+CI18 -> 0 | CP18: =CL18+CN18 -> 0 | CQ18: =CM18+CO18 -> 0 | CV18: =CR18+CT18 -> 0 | CW18: =CS18+CU18 -> 0 | DB18: =CX18+CZ18 -> 0 | DC18: =CY18+DA18 -> 0 | DH18: =DD18+DF18 -> 0 | DI18: =DE18+DG18 -> 0 | DJ18: =AL18+AR18+AX18+BE18+BL18+BS18+BZ18+CF18+CL18+CR18+CX18+DD18 -> 0 | DK18: =AM18+AS18+AY18+BF18+BM18+BT18+CA18+CG18+CM18+CS18+CY18+DE18 -> 0 | DL18: =AN18+AT18+BC18+BJ18+BQ18+BX18+CB18+CH18+CN18+CT18+CZ18+DF18 -> 0 | DM18: =AO18+AU18+BA18+BH18+BO18+BV18+CC18+CI18+CO18+CU18+DA18+DG18 -> 0 | DN18: =DJ18+DL18 -> 0 | DO18: =DK18+DM18 -> 0
A19: 11 | B19: მარნეული | C19: P.2.902 | D19: (8) 740 ცალი მრიცხველის გამოტანა საკუთარი სახლებიდან მარნეულის სერვის ცენტრში P.2.902 | E19: მშენებლობა | F19: =SUM(DN19) -> 0 | G19: =I19+AK19+DN19 -> 0 | H19: 300000 | I19: 0 | J19: 0 | K19: =AK19 -> 0 | L19: =IF(AI19>0,I19+AK19-J19,0) -> 0 | M19: =I19+K19 -> 0 | N19: =G19-M19 -> 0 | O19: =IF(AND(AI19>0,DM19>0),"შეცდომაა! ერთზე მეტი ბოლო ჩაბარება!",IF(OR(AI19>0,DM19>0,),IF(AI19>0,I19+AK19,I19+AK19+DO19),IF(AND(I19=0,K19=0,DO19=0),"ნულოვანი შესრულება","მიმდინარეობს"))) -> ნულოვანი შესრულება | R19: =I19+P19 -> 0 | S19: =Q19 -> 0 | X19: =T19+V19 -> 0 | Y19: =U19+W19 -> 0 | AD19: =Z19+AB19 -> 0 | AE19: =AA19+AC19 -> 0 | AF19: =P19+T19+Z19 -> 0 | AG19: =P19+U19+AA19 -> 0 | AH19: =Q19+V19+AB19 -> 0 | AI19: =Q19+W19+AC19 -> 0 | AJ19: =AF19+AH19 -> 0 | AK19: =AG19+AI19 -> 0 | AP19: =AL19+AN19 -> 0 | AQ19: =AM19+AO19 -> 0 | AV19: =AR19+AT19 -> 0 | AW19: =AS19+AU19 -> 0 | BB19: =AX19+AZ19 -> 0 | BD19: =AY19+BA19 -> 0 | BI19: =BE19+BG19 -> 0 | BK19: =BF19+BH19 -> 0 | BP19: =BL19+BN19 -> 0 | BR19: =BM19+BO19 -> 0 | BW19: =BS19+BU19 -> 0 | BY19: =BT19+BV19 -> 0 | CD19: =BZ19+CB19 -> 0 | CE19: =CA19+CC19 -> 0 | CJ19: =CF19+CH19 -> 0 | CK19: =CG19+CI19 -> 0 | CP19: =CL19+CN19 -> 0 | CQ19: =CM19+CO19 -> 0 | CV19: =CR19+CT19 -> 0 | CW19: =CS19+CU19 -> 0 | DB19: =CX19+CZ19 -> 0 | DC19: =CY19+DA19 -> 0 | DH19: =DD19+DF19 -> 0 | DI19: =DE19+DG19 -> 0 | DJ19: =AL19+AR19+AX19+BE19+BL19+BS19+BZ19+CF19+CL19+CR19+CX19+DD19 -> 0 | DK19: =AM19+AS19+AY19+BF19+BM19+BT19+CA19+CG19+CM19+CS19+CY19+DE19 -> 0 | DL19: =AN19+AT19+BC19+BJ19+BQ19+BX19+CB19+CH19+CN19+CT19+CZ19+DF19 -> 0 | DM19: =AO19+AU19+BA19+BH19+BO19+BV19+CC19+CI19+CO19+CU19+DA19+DG19 -> 0 | DN19: =DJ19+DL19 -> 0 | DO19: =DK19+DM19 -> 0
A20: 12 | B20: გარდაბანი | C20: P.2.844 | D20: (14) გარდაბანი, სოფ. ყარათაკლიაში მიწისქვეშა გადასვლების შეცვლა და მრიცხველების გამოტანა,შეცვლა P.2.844 | E20: მშენებლობა | F20: =SUM(DN20) -> 0 | G20: =I20+AK20+DN20 -> 0 | H20: 155000 | I20: 0 | J20: 0 | K20: =AK20 -> 0 | L20: =IF(AI20>0,I20+AK20-J20,0) -> 0 | M20: =I20+K20 -> 0 | N20: =G20-M20 -> 0 | O20: =IF(AND(AI20>0,DM20>0),"შეცდომაა! ერთზე მეტი ბოლო ჩაბარება!",IF(OR(AI20>0,DM20>0,),IF(AI20>0,I20+AK20,I20+AK20+DO20),IF(AND(I20=0,K20=0,DO20=0),"ნულოვანი შესრულება","მიმდინარეობს"))) -> ნულოვანი შესრულება | R20: =I20+P20 -> 0 | S20: =Q20 -> 0 | X20: =T20+V20 -> 0 | Y20: =U20+W20 -> 0 | AD20: =Z20+AB20 -> 0 | AE20: =AA20+AC20 -> 0 | AF20: =P20+T20+Z20 -> 0 | AG20: =P20+U20+AA20 -> 0 | AH20: =Q20+V20+AB20 -> 0 | AI20: =Q20+W20+AC20 -> 0 | AJ20: =AF20+AH20 -> 0 | AK20: =AG20+AI20 -> 0 | AP20: =AL20+AN20 -> 0 | AQ20: =AM20+AO20 -> 0 | AV20: =AR20+AT20 -> 0 | AW20: =AS20+AU20 -> 0 | BB20: =AX20+AZ20 -> 0 | BD20: =AY20+BA20 -> 0 | BI20: =BE20+BG20 -> 0 | BK20: =BF20+BH20 -> 0 | BP20: =BL20+BN20 -> 0 | BR20: =BM20+BO20 -> 0 | BW20: =BS20+BU20 -> 0 | BY20: =BT20+BV20 -> 0 | CD20: =BZ20+CB20 -> 0 | CE20: =CA20+CC20 -> 0 | CJ20: =CF20+CH20 -> 0 | CK20: =CG20+CI20 -> 0 | CP20: =CL20+CN20 -> 0 | CQ20: =CM20+CO20 -> 0 | CV20: =CR20+CT20 -> 0 | CW20: =CS20+CU20 -> 0 | DB20: =CX20+CZ20 -> 0 | DC20: =CY20+DA20 -> 0 | DH20: =DD20+DF20 -> 0 | DI20: =DE20+DG20 -> 0 | DJ20: =AL20+AR20+AX20+BE20+BL20+BS20+BZ20+CF20+CL20+CR20+CX20+DD20 -> 0 | DK20: =AM20+AS20+AY20+BF20+BM20+BT20+CA20+CG20+CM20+CS20+CY20+DE20 -> 0 | DL20: =AN20+AT20+BC20+BJ20+BQ20+BX20+CB20+CH20+CN20+CT20+CZ20+DF20 -> 0 | DM20: =AO20+AU20+BA20+BH20+BO20+BV20+CC20+CI20+CO20+CU20+DA20+DG20 -> 0 | DN20: =DJ20+DL20 -> 0 | DO20: =DK20+DM20 -> 0
A21: 13 | B21: გარდაბანი | C21: P.2.845 | D21: (12) გარდაბანი, სოფ. ნორიოში მიწისქვეშა გადასვლების რეაბილიტაცია და მრიცხველების გამოტანა,შეცვლა. P.2.845 | E21: მშენებლობა | F21: =SUM(DN21) -> 478975 | G21: 425000 | H21: 237000 | I21: 0 | J21: 0 | K21: =AK21 -> 251000 | L21: =IF(AI21>0,I21+AK21-J21,0) -> 0 | M21: =I21+K21 -> 251000 | N21: =G21-M21 -> 174000 | O21: =IF(AND(AI21>0,DM21>0),"შეცდომაა! ერთზე მეტი ბოლო ჩაბარება!",IF(OR(AI21>0,DM21>0,),IF(AI21>0,I21+AK21,I21+AK21+DO21),IF(AND(I21=0,K21=0,DO21=0),"ნულოვანი შესრულება","მიმდინარეობს"))) -> 693000 | P21: 251000 | R21: =I21+P21 -> 251000 | S21: =Q21 -> 0 | X21: =T21+V21 -> 0 | Y21: =U21+W21 -> 0 | AD21: =Z21+AB21 -> 0 | AE21: =AA21+AC21 -> 0 | AF21: =P21+T21+Z21 -> 251000 | AG21: =P21+U21+AA21 -> 251000 | AH21: =Q21+V21+AB21 -> 0 | AI21: =Q21+W21+AC21 -> 0 | AJ21: =AF21+AH21 -> 251000 | AK21: =AG21+AI21 -> 251000 | AM21: 100000 | AP21: =AL21+AN21 -> 0 | AQ21: =AM21+AO21 -> 100000 | AV21: =AR21+AT21 -> 0 | AW21: =AS21+AU21 -> 0 | AY21: 250000 | BB21: =AX21+AZ21 -> 0 | BC21: 250000 | BD21: =AY21+BA21 -> 250000 | BE21: 100000 | BF21: 40000 | BI21: =BE21+BG21 -> 100000 | BJ21: 40000 | BK21: =BF21+BH21 -> 40000 | BL21: 50000 | BM21: 30000 | BP21: =BL21+BN21 -> 50000 | BQ21: 30000 | BR21: =BM21+BO21 -> 30000 | BU21: 24000 | BV21: 5000 | BW21: =BS21+BU21 -> 24000 | BX21: 8975 | BY21: =BT21+BV21 -> 5000 | CD21: =BZ21+CB21 -> 0 | CE21: =CA21+CC21 -> 0 | CG21: 2000 | CJ21: =CF21+CH21 -> 0 | CK21: =CG21+CI21 -> 2000 | CM21: 5000 | CP21: =CL21+CN21 -> 0 | CQ21: =CM21+CO21 -> 5000 | CS21: 5000 | CV21: =CR21+CT21 -> 0 | CW21: =CS21+CU21 -> 5000 | CY21: 5000 | DB21: =CX21+CZ21 -> 0 | DC21: =CY21+DA21 -> 5000 | DH21: =DD21+DF21 -> 0 | DI21: =DE21+DG21 -> 0 | DJ21: =AL21+AR21+AX21+BE21+BL21+BS21+BZ21+CF21+CL21+CR21+CX21+DD21 -> 150000 | DK21: =AM21+AS21+AY21+BF21+BM21+BT21+CA21+CG21+CM21+CS21+CY21+DE21 -> 437000 | DL21: =AN21+AT21+BC21+BJ21+BQ21+BX21+CB21+CH21+CN21+CT21+CZ21+DF21 -> 328975 | DM21: =AO21+AU21+BA21+BH21+BO21+BV21+CC21+CI21+CO21+CU21+DA21+DG21 -> 5000 | DN21: =DJ21+DL21 -> 478975 | DO21: =DK21+DM21 -> 442000
A22: 14 | B22: ლაგოდეხი | C22: P.2.1161 | D22: (16) სოფ. კაბალში და სოფ. ყარაჯალაში აღრიცხვიანობის მოწესრიგება (P.2.1161) | E22: მშენებლობა | F22: =SUM(DN22) -> 0 | H22: 160000 | I22: 0 | J22: 0 | K22: =AK22 -> 0 | L22: =IF(AI22>0,I22+AK22-J22,0) -> 0 | M22: =I22+K22 -> 0 | N22: =G22-M22 -> 0 | O22: =IF(AND(AI22>0,DM22>0),"შეცდომაა! ერთზე მეტი ბოლო ჩაბარება!",IF(OR(AI22>0,DM22>0,),IF(AI22>0,I22+AK22,I22+AK22+DO22),IF(AND(I22=0,K22=0,DO22=0),"ნულოვანი შესრულება","მიმდინარეობს"))) -> ნულოვანი შესრულება | R22: =I22+P22 -> 0 | S22: =Q22 -> 0 | X22: =T22+V22 -> 0 | Y22: =U22+W22 -> 0 | AD22: =Z22+AB22 -> 0 | AE22: =AA22+AC22 -> 0 | AF22: =P22+T22+Z22 -> 0 | AG22: =P22+U22+AA22 -> 0 | AH22: =Q22+V22+AB22 -> 0 | AI22: =Q22+W22+AC22 -> 0 | AJ22: =AF22+AH22 -> 0 | AK22: =AG22+AI22 -> 0 | AP22: =AL22+AN22 -> 0 | AQ22: =AM22+AO22 -> 0 | AR22: 0 | AV22: =AR22+AT22 -> 0 | AW22: =AS22+AU22 -> 0 | AX22: 0 | BB22: =AX22+AZ22 -> 0 | BD22: =AY22+BA22 -> 0 | BE22: 0 | BI22: =BE22+BG22 -> 0 | BK22: =BF22+BH22 -> 0 | BN22: 0 | BP22: =BL22+BN22 -> 0 | BR22: =BM22+BO22 -> 0 | BW22: =BS22+BU22 -> 0 | BY22: =BT22+BV22 -> 0 | CD22: =BZ22+CB22 -> 0 | CE22: =CA22+CC22 -> 0 | CJ22: =CF22+CH22 -> 0 | CK22: =CG22+CI22 -> 0 | CP22: =CL22+CN22 -> 0 | CQ22: =CM22+CO22 -> 0 | CV22: =CR22+CT22 -> 0 | CW22: =CS22+CU22 -> 0 | DB22: =CX22+CZ22 -> 0 | DC22: =CY22+DA22 -> 0 | DH22: =DD22+DF22 -> 0 | DI22: =DE22+DG22 -> 0 | DJ22: =AL22+AR22+AX22+BE22+BL22+BS22+BZ22+CF22+CL22+CR22+CX22+DD22 -> 0 | DK22: =AM22+AS22+AY22+BF22+BM22+BT22+CA22+CG22+CM22+CS22+CY22+DE22 -> 0 | DL22: =AN22+AT22+BC22+BJ22+BQ22+BX22+CB22+CH22+CN22+CT22+CZ22+DF22 -> 0 | DM22: =AO22+AU22+BA22+BH22+BO22+BV22+CC22+CI22+CO22+CU22+DA22+DG22 -> 0 | DN22: =DJ22+DL22 -> 0 | DO22: =DK22+DM22 -> 0
A23: 15 | B23: ბოლნისი | C23: P.2.809 | D23: (5) N11 საუბნოზე ი ჭავჭავაძის და წმინდა ნინოს ქუჩებზე კერძო საკუთრებაში გამავალი გაზსადენის გამოტანა მრიცხველების შეცვლა 140 აბონენტზე, რეაბილიტაცია . (P.2.809) | E23: მშენებლობა | F23: =SUM(DN23) -> 0 | G23: =I23+AK23+DN23 -> 0 | H23: 230000 | I23: 0 | J23: 0 | K23: =AK23 -> 0 | L23: =IF(AI23>0,I23+AK23-J23,0) -> 0 | M23: =I23+K23 -> 0 | N23: =G23-M23 -> 0 | O23: =IF(AND(AI23>0,DM23>0),"შეცდომაა! ერთზე მეტი ბოლო ჩაბარება!",IF(OR(AI23>0,DM23>0,),IF(AI23>0,I23+AK23,I23+AK23+DO23),IF(AND(I23=0,K23=0,DO23=0),"ნულოვანი შესრულება","მიმდინარეობს"))) -> ნულოვანი შესრულება | R23: =I23+P23 -> 0 | S23: =Q23 -> 0 | X23: =T23+V23 -> 0 | Y23: =U23+W23 -> 0 | AD23: =Z23+AB23 -> 0 | AE23: =AA23+AC23 -> 0 | AF23: =P23+T23+Z23 -> 0 | AG23: =P23+U23+AA23 -> 0 | AH23: =Q23+V23+AB23 -> 0 | AI23: =Q23+W23+AC23 -> 0 | AJ23: =AF23+AH23 -> 0 | AK23: =AG23+AI23 -> 0 | AP23: =AL23+AN23 -> 0 | AQ23: =AM23+AO23 -> 0 | AV23: =AR23+AT23 -> 0 | AW23: =AS23+AU23 -> 0 | BB23: =AX23+AZ23 -> 0 | BD23: =AY23+BA23 -> 0 | BI23: =BE23+BG23 -> 0 | BK23: =BF23+BH23 -> 0 | BP23: =BL23+BN23 -> 0 | BR23: =BM23+BO23 -> 0 | BW23: =BS23+BU23 -> 0 | BY23: =BT23+BV23 -> 0 | CD23: =BZ23+CB23 -> 0 | CE23: =CA23+CC23 -> 0 | CJ23: =CF23+CH23 -> 0 | CK23: =CG23+CI23 -> 0 | CP23: =CL23+CN23 -> 0 | CQ23: =CM23+CO23 -> 0 | CV23: =CR23+CT23 -> 0 | CW23: =CS23+CU23 -> 0 | DB23: =CX23+CZ23 -> 0 | DC23: =CY23+DA23 -> 0 | DH23: =DD23+DF23 -> 0 | DI23: =DE23+DG23 -> 0 | DJ23: =AL23+AR23+AX23+BE23+BL23+BS23+BZ23+CF23+CL23+CR23+CX23+DD23 -> 0 | DK23: =AM23+AS23+AY23+BF23+BM23+BT23+CA23+CG23+CM23+CS23+CY23+DE23 -> 0 | DL23: =AN23+AT23+BC23+BJ23+BQ23+BX23+CB23+CH23+CN23+CT23+CZ23+DF23 -> 0 | DM23: =AO23+AU23+BA23+BH23+BO23+BV23+CC23+CI23+CO23+CU23+DA23+DG23 -> 0 | DN23: =DJ23+DL23 -> 0 | DO23: =DK23+DM23 -> 0
A24: 16 | B24: ბოლნისი | C24: P.2.810 | D24: (6) N12 საუბნოზე თამარმეფის ქუჩისა და წმინდა ნინოს ქუჩებზე კერძო საკუთრებაში გამავალი გაზსადენის გამოტანა მრიცხველების შეცვლა 190 აბონენტზე, რეაბილიტაცია. (P.2.810) | E24: მშენებლობა | F24: =SUM(DN24) -> 0 | G24: =I24+AK24+DN24 -> 0 | H24: 225000 | I24: 0 | J24: 0 | K24: =AK24 -> 0 | L24: =IF(AI24>0,I24+AK24-J24,0) -> 0 | M24: =I24+K24 -> 0 | N24: =G24-M24 -> 0 | O24: =IF(AND(AI24>0,DM24>0),"შეცდომაა! ერთზე მეტი ბოლო ჩაბარება!",IF(OR(AI24>0,DM24>0,),IF(AI24>0,I24+AK24,I24+AK24+DO24),IF(AND(I24=0,K24=0,DO24=0),"ნულოვანი შესრულება","მიმდინარეობს"))) -> ნულოვანი შესრულება | R24: =I24+P24 -> 0 | S24: =Q24 -> 0 | X24: =T24+V24 -> 0 | Y24: =U24+W24 -> 0 | AD24: =Z24+AB24 -> 0 | AE24: =AA24+AC24 -> 0 | AF24: =P24+T24+Z24 -> 0 | AG24: =P24+U24+AA24 -> 0 | AH24: =Q24+V24+AB24 -> 0 | AI24: =Q24+W24+AC24 -> 0 | AJ24: =AF24+AH24 -> 0 | AK24: =AG24+AI24 -> 0 | AP24: =AL24+AN24 -> 0 | AQ24: =AM24+AO24 -> 0 | AV24: =AR24+AT24 -> 0 | AW24: =AS24+AU24 -> 0 | BB24: =AX24+AZ24 -> 0 | BD24: =AY24+BA24 -> 0 | BI24: =BE24+BG24 -> 0 | BK24: =BF24+BH24 -> 0 | BP24: =BL24+BN24 -> 0 | BR24: =BM24+BO24 -> 0 | BW24: =BS24+BU24 -> 0 | BY24: =BT24+BV24 -> 0 | CD24: =BZ24+CB24 -> 0 | CE24: =CA24+CC24 -> 0 | CJ24: =CF24+CH24 -> 0 | CK24: =CG24+CI24 -> 0 | CP24: =CL24+CN24 -> 0 | CQ24: =CM24+CO24 -> 0 | CV24: =CR24+CT24 -> 0 | CW24: =CS24+CU24 -> 0 | DB24: =CX24+CZ24 -> 0 | DC24: =CY24+DA24 -> 0 | DH24: =DD24+DF24 -> 0 | DI24: =DE24+DG24 -> 0 | DJ24: =AL24+AR24+AX24+BE24+BL24+BS24+BZ24+CF24+CL24+CR24+CX24+DD24 -> 0 | DK24: =AM24+AS24+AY24+BF24+BM24+BT24+CA24+CG24+CM24+CS24+CY24+DE24 -> 0 | DL24: =AN24+AT24+BC24+BJ24+BQ24+BX24+CB24+CH24+CN24+CT24+CZ24+DF24 -> 0 | DM24: =AO24+AU24+BA24+BH24+BO24+BV24+CC24+CI24+CO24+CU24+DA24+DG24 -> 0 | DN24: =DJ24+DL24 -> 0 | DO24: =DK24+DM24 -> 0
A25: 17 | B25: გურჯაანი | C25: P.2.875 | D25: (47) სოფ. ჩალაუბანში მრიცხველების გამოტანა 170 ც. ვოდების და მრიცხველების გამოატანა ეზოებიდან, 250ც. P.2.875 | E25: მშენებლობა | F25: =SUM(DN25) -> 0 | G25: =I25+AK25+DN25 -> 0 | H25: 47000 | I25: 0 | J25: 0 | K25: =AK25 -> 0 | L25: =IF(AI25>0,I25+AK25-J25,0) -> 0 | M25: =I25+K25 -> 0 | N25: =G25-M25 -> 0 | O25: =IF(AND(AI25>0,DM25>0),"შეცდომაა! ერთზე მეტი ბოლო ჩაბარება!",IF(OR(AI25>0,DM25>0,),IF(AI25>0,I25+AK25,I25+AK25+DO25),IF(AND(I25=0,K25=0,DO25=0),"ნულოვანი შესრულება","მიმდინარეობს"))) -> ნულოვანი შესრულება | R25: =I25+P25 -> 0 | S25: =Q25 -> 0 | X25: =T25+V25 -> 0 | Y25: =U25+W25 -> 0 | AD25: =Z25+AB25 -> 0 | AE25: =AA25+AC25 -> 0 | AF25: =P25+T25+Z25 -> 0 | AG25: =P25+U25+AA25 -> 0 | AH25: =Q25+V25+AB25 -> 0 | AI25: =Q25+W25+AC25 -> 0 | AJ25: =AF25+AH25 -> 0 | AK25: =AG25+AI25 -> 0 | AP25: =AL25+AN25 -> 0 | AQ25: =AM25+AO25 -> 0 | AV25: =AR25+AT25 -> 0 | AW25: =AS25+AU25 -> 0 | BB25: =AX25+AZ25 -> 0 | BD25: =AY25+BA25 -> 0 | BI25: =BE25+BG25 -> 0 | BK25: =BF25+BH25 -> 0 | BP25: =BL25+BN25 -> 0 | BR25: =BM25+BO25 -> 0 | BW25: =BS25+BU25 -> 0 | BY25: =BT25+BV25 -> 0 | CD25: =BZ25+CB25 -> 0 | CE25: =CA25+CC25 -> 0 | CJ25: =CF25+CH25 -> 0 | CK25: =CG25+CI25 -> 0 | CP25: =CL25+CN25 -> 0 | CQ25: =CM25+CO25 -> 0 | CV25: =CR25+CT25 -> 0 | CW25: =CS25+CU25 -> 0 | DB25: =CX25+CZ25 -> 0 | DC25: =CY25+DA25 -> 0 | DH25: =DD25+DF25 -> 0 | DI25: =DE25+DG25 -> 0 | DJ25: =AL25+AR25+AX25+BE25+BL25+BS25+BZ25+CF25+CL25+CR25+CX25+DD25 -> 0 | DK25: =AM25+AS25+AY25+BF25+BM25+BT25+CA25+CG25+CM25+CS25+CY25+DE25 -> 0 | DL25: =AN25+AT25+BC25+BJ25+BQ25+BX25+CB25+CH25+CN25+CT25+CZ25+DF25 -> 0 | DM25: =AO25+AU25+BA25+BH25+BO25+BV25+CC25+CI25+CO25+CU25+DA25+DG25 -> 0 | DN25: =DJ25+DL25 -> 0 | DO25: =DK25+DM25 -> 0
A26: 18 | B26: სიღნაღი | C26: P.2.780 | D26: (31) ქ. წნორი ჯავაშვილი ფილიმონის უბნიდან ბოდბისხევის ბაზრამდე ქუჩის რეაბილიტაცია (P.2.780) | E26: მშენებლობა | F26: =SUM(DN26) -> 0 | G26: =I26+AK26+DN26 -> 0 | H26: 75000 | I26: 0 | J26: 0 | K26: =AK26 -> 0 | L26: =IF(AI26>0,I26+AK26-J26,0) -> 0 | M26: =I26+K26 -> 0 | N26: =G26-M26 -> 0 | O26: =IF(AND(AI26>0,DM26>0),"შეცდომაა! ერთზე მეტი ბოლო ჩაბარება!",IF(OR(AI26>0,DM26>0,),IF(AI26>0,I26+AK26,I26+AK26+DO26),IF(AND(I26=0,K26=0,DO26=0),"ნულოვანი შესრულება","მიმდინარეობს"))) -> ნულოვანი შესრულება | R26: =I26+P26 -> 0 | S26: =Q26 -> 0 | X26: =T26+V26 -> 0 | Y26: =U26+W26 -> 0 | AD26: =Z26+AB26 -> 0 | AE26: =AA26+AC26 -> 0 | AF26: =P26+T26+Z26 -> 0 | AG26: =P26+U26+AA26 -> 0 | AH26: =Q26+V26+AB26 -> 0 | AI26: =Q26+W26+AC26 -> 0 | AJ26: =AF26+AH26 -> 0 | AK26: =AG26+AI26 -> 0 | AP26: =AL26+AN26 -> 0 | AQ26: =AM26+AO26 -> 0 | AV26: =AR26+AT26 -> 0 | AW26: =AS26+AU26 -> 0 | BB26: =AX26+AZ26 -> 0 | BD26: =AY26+BA26 -> 0 | BI26: =BE26+BG26 -> 0 | BK26: =BF26+BH26 -> 0 | BP26: =BL26+BN26 -> 0 | BR26: =BM26+BO26 -> 0 | BW26: =BS26+BU26 -> 0 | BY26: =BT26+BV26 -> 0 | CD26: =BZ26+CB26 -> 0 | CE26: =CA26+CC26 -> 0 | CJ26: =CF26+CH26 -> 0 | CK26: =CG26+CI26 -> 0 | CP26: =CL26+CN26 -> 0 | CQ26: =CM26+CO26 -> 0 | CV26: =CR26+CT26 -> 0 | CW26: =CS26+CU26 -> 0 | DB26: =CX26+CZ26 -> 0 | DC26: =CY26+DA26 -> 0 | DH26: =DD26+DF26 -> 0 | DI26: =DE26+DG26 -> 0 | DJ26: =AL26+AR26+AX26+BE26+BL26+BS26+BZ26+CF26+CL26+CR26+CX26+DD26 -> 0 | DK26: =AM26+AS26+AY26+BF26+BM26+BT26+CA26+CG26+CM26+CS26+CY26+DE26 -> 0 | DL26: =AN26+AT26+BC26+BJ26+BQ26+BX26+CB26+CH26+CN26+CT26+CZ26+DF26 -> 0 | DM26: =AO26+AU26+BA26+BH26+BO26+BV26+CC26+CI26+CO26+CU26+DA26+DG26 -> 0 | DN26: =DJ26+DL26 -> 0 | DO26: =DK26+DM26 -> 0
A27: 19 | B27: გურჯაანი | C27: P.2.858 | D27: (17) მე-9 საუბნო კვანძზე (სკოლიდან მამაოს უბანი, დოხას უბანი) (ხევისუბანი-ჩალიჩების უბნამდე) (ხევისუბნიდან სკოლამდე) საშუალო წნევის გაზსადენის რეაბილიტაცია. (P.2.858) | E27: მშენებლობა | F27: =SUM(DN27) -> 0 | G27: =I27+AK27+DN27 -> 0 | H27: 160000 | I27: 0 | J27: 0 | K27: =AK27 -> 0 | L27: =IF(AI27>0,I27+AK27-J27,0) -> 0 | M27: =I27+K27 -> 0 | N27: =G27-M27 -> 0 | O27: =IF(AND(AI27>0,DM27>0),"შეცდომაა! ერთზე მეტი ბოლო ჩაბარება!",IF(OR(AI27>0,DM27>0,),IF(AI27>0,I27+AK27,I27+AK27+DO27),IF(AND(I27=0,K27=0,DO27=0),"ნულოვანი შესრულება","მიმდინარეობს"))) -> ნულოვანი შესრულება | R27: =I27+P27 -> 0 | S27: =Q27 -> 0 | X27: =T27+V27 -> 0 | Y27: =U27+W27 -> 0 | AD27: =Z27+AB27 -> 0 | AE27: =AA27+AC27 -> 0 | AF27: =P27+T27+Z27 -> 0 | AG27: =P27+U27+AA27 -> 0 | AH27: =Q27+V27+AB27 -> 0 | AI27: =Q27+W27+AC27 -> 0 | AJ27: =AF27+AH27 -> 0 | AK27: =AG27+AI27 -> 0 | AP27: =AL27+AN27 -> 0 | AQ27: =AM27+AO27 -> 0 | AV27: =AR27+AT27 -> 0 | AW27: =AS27+AU27 -> 0 | BB27: =AX27+AZ27 -> 0 | BD27: =AY27+BA27 -> 0 | BI27: =BE27+BG27 -> 0 | BK27: =BF27+BH27 -> 0 | BP27: =BL27+BN27 -> 0 | BR27: =BM27+BO27 -> 0 | BW27: =BS27+BU27 -> 0 | BY27: =BT27+BV27 -> 0 | CD27: =BZ27+CB27 -> 0 | CE27: =CA27+CC27 -> 0 | CJ27: =CF27+CH27 -> 0 | CK27: =CG27+CI27 -> 0 | CP27: =CL27+CN27 -> 0 | CQ27: =CM27+CO27 -> 0 | CV27: =CR27+CT27 -> 0 | CW27: =CS27+CU27 -> 0 | DB27: =CX27+CZ27 -> 0 | DC27: =CY27+DA27 -> 0 | DH27: =DD27+DF27 -> 0 | DI27: =DE27+DG27 -> 0 | DJ27: =AL27+AR27+AX27+BE27+BL27+BS27+BZ27+CF27+CL27+CR27+CX27+DD27 -> 0 | DK27: =AM27+AS27+AY27+BF27+BM27+BT27+CA27+CG27+CM27+CS27+CY27+DE27 -> 0 | DL27: =AN27+AT27+BC27+BJ27+BQ27+BX27+CB27+CH27+CN27+CT27+CZ27+DF27 -> 0 | DM27: =AO27+AU27+BA27+BH27+BO27+BV27+CC27+CI27+CO27+CU27+DA27+DG27 -> 0 | DN27: =DJ27+DL27 -> 0 | DO27: =DK27+DM27 -> 0
A28: 20 | B28: გურჯაანი | C28: P.2.856 | D28: (13) სოფ. ჭანდარი; მე-7 საუბნო კვანძზე (თენგოს უბანი და განშტოებები) (სონღულაშვილის გივის უბანი) საშუალო წნევის გაზსადენის რეაბილიტაცია. (P.2.856) | E28: მშენებლობა | F28: =SUM(DN28) -> 0 | G28: =I28+AK28+DN28 -> 0 | H28: 175000 | I28: 0 | J28: 0 | K28: =AK28 -> 0 | L28: =IF(AI28>0,I28+AK28-J28,0) -> 0 | M28: =I28+K28 -> 0 | N28: =G28-M28 -> 0 | O28: =IF(AND(AI28>0,DM28>0),"შეცდომაა! ერთზე მეტი ბოლო ჩაბარება!",IF(OR(AI28>0,DM28>0,),IF(AI28>0,I28+AK28,I28+AK28+DO28),IF(AND(I28=0,K28=0,DO28=0),"ნულოვანი შესრულება","მიმდინარეობს"))) -> ნულოვანი შესრულება | R28: =I28+P28 -> 0 | S28: =Q28 -> 0 | X28: =T28+V28 -> 0 | Y28: =U28+W28 -> 0 | AD28: =Z28+AB28 -> 0 | AE28: =AA28+AC28 -> 0 | AF28: =P28+T28+Z28 -> 0 | AG28: =P28+U28+AA28 -> 0 | AH28: =Q28+V28+AB28 -> 0 | AI28: =Q28+W28+AC28 -> 0 | AJ28: =AF28+AH28 -> 0 | AK28: =AG28+AI28 -> 0 | AP28: =AL28+AN28 -> 0 | AQ28: =AM28+AO28 -> 0 | AV28: =AR28+AT28 -> 0 | AW28: =AS28+AU28 -> 0 | BB28: =AX28+AZ28 -> 0 | BD28: =AY28+BA28 -> 0 | BI28: =BE28+BG28 -> 0 | BK28: =BF28+BH28 -> 0 | BP28: =BL28+BN28 -> 0 | BR28: =BM28+BO28 -> 0 | BW28: =BS28+BU28 -> 0 | BY28: =BT28+BV28 -> 0 | CD28: =BZ28+CB28 -> 0 | CE28: =CA28+CC28 -> 0 | CJ28: =CF28+CH28 -> 0 | CK28: =CG28+CI28 -> 0 | CP28: =CL28+CN28 -> 0 | CQ28: =CM28+CO28 -> 0 | CV28: =CR28+CT28 -> 0 | CW28: =CS28+CU28 -> 0 | DB28: =CX28+CZ28 -> 0 | DC28: =CY28+DA28 -> 0 | DH28: =DD28+DF28 -> 0 | DI28: =DE28+DG28 -> 0 | DJ28: =AL28+AR28+AX28+BE28+BL28+BS28+BZ28+CF28+CL28+CR28+CX28+DD28 -> 0 | DK28: =AM28+AS28+AY28+BF28+BM28+BT28+CA28+CG28+CM28+CS28+CY28+DE28 -> 0 | DL28: =AN28+AT28+BC28+BJ28+BQ28+BX28+CB28+CH28+CN28+CT28+CZ28+DF28 -> 0 | DM28: =AO28+AU28+BA28+BH28+BO28+BV28+CC28+CI28+CO28+CU28+DA28+DG28 -> 0 | DN28: =DJ28+DL28 -> 0 | DO28: =DK28+DM28 -> 0
A29: 21 | B29: ყვარელი | C29: P.2.99 | D29: (10) ქ. ყვარელი წერეთლის ქუჩის მიწისქვეშა დაბალი წნევის გაზსადენის რეაბილიტაცია 57. 06. 56. 397-დან57. 06. 56. 198-მდე (შუა ქალაქიდან ბოლომდე დასავლეთით) გიორგი მერჩულეს ქუჩა 57. 06. 56. 226-დან 57. 06. 56. 235-მდე (P.2.99) | E29: მშენებლობა | F29: =SUM(DN29) -> 18606 | G29: =I29+AK29+DN29 -> 18606 | H29: 190000 | I29: 0 | J29: 0 | K29: =AK29 -> 0 | L29: =IF(AI29>0,I29+AK29-J29,0) -> 0 | M29: =I29+K29 -> 0 | N29: =G29-M29 -> 18606 | O29: =IF(AND(AI29>0,DM29>0),"შეცდომაა! ერთზე მეტი ბოლო ჩაბარება!",IF(OR(AI29>0,DM29>0,),IF(AI29>0,I29+AK29,I29+AK29+DO29),IF(AND(I29=0,K29=0,DO29=0),"ნულოვანი შესრულება","მიმდინარეობს"))) -> 66038.36 | R29: =I29+P29 -> 0 | S29: =Q29 -> 0 | X29: =T29+V29 -> 0 | Y29: =U29+W29 -> 0 | AD29: =Z29+AB29 -> 0 | AE29: =AA29+AC29 -> 0 | AF29: =P29+T29+Z29 -> 0 | AG29: =P29+U29+AA29 -> 0 | AH29: =Q29+V29+AB29 -> 0 | AI29: =Q29+W29+AC29 -> 0 | AJ29: =AF29+AH29 -> 0 | AK29: =AG29+AI29 -> 0 | AP29: =AL29+AN29 -> 0 | AQ29: =AM29+AO29 -> 0 | AS29: 50000 | AV29: =AR29+AT29 -> 0 | AW29: =AS29+AU29 -> 50000 | BB29: =AX29+AZ29 -> 0 | BD29: =AY29+BA29 -> 0 | BH29: 16038.36 | BI29: =BE29+BG29 -> 0 | BJ29: 18606 | BK29: =BF29+BH29 -> 16038.36 | BP29: =BL29+BN29 -> 0 | BR29: =BM29+BO29 -> 0 | BW29: =BS29+BU29 -> 0 | BY29: =BT29+BV29 -> 0 | CD29: =BZ29+CB29 -> 0 | CE29: =CA29+CC29 -> 0 | CJ29: =CF29+CH29 -> 0 | CK29: =CG29+CI29 -> 0 | CP29: =CL29+CN29 -> 0 | CQ29: =CM29+CO29 -> 0 | CV29: =CR29+CT29 -> 0 | CW29: =CS29+CU29 -> 0 | DB29: =CX29+CZ29 -> 0 | DC29: =CY29+DA29 -> 0 | DH29: =DD29+DF29 -> 0 | DI29: =DE29+DG29 -> 0 | DJ29: =AL29+AR29+AX29+BE29+BL29+BS29+BZ29+CF29+CL29+CR29+CX29+DD29 -> 0 | DK29: =AM29+AS29+AY29+BF29+BM29+BT29+CA29+CG29+CM29+CS29+CY29+DE29 -> 50000 | DL29: =AN29+AT29+BC29+BJ29+BQ29+BX29+CB29+CH29+CN29+CT29+CZ29+DF29 -> 18606 | DM29: =AO29+AU29+BA29+BH29+BO29+BV29+CC29+CI29+CO29+CU29+DA29+DG29 -> 16038.36 | DN29: =DJ29+DL29 -> 18606 | DO29: =DK29+DM29 -> 66038.36
A30: 22 | B30: ყვარელი | C30: P.2.99 | D30: (15) ქ. ყვარელი წერეთლის ქუჩის მიწისქვეშა დაბალი წნევის გაზსადენის რეაბილიტაცია 57. 06. 56. 397-დან57. 06. 56. 198-მდე (შუა ქალაქიდან ბოლომდე დასავლეთით) გიორგი მერჩულეს ქუჩა 57. 06. 56. 226-დან 57. 06. 56. 235-მდე (P.2.99) | E30: დაპროექტება | F30: =SUM(DN30) -> 0 | G30: =I30+AK30+DN30 -> 1081.5 | I30: 0 | J30: 0 | K30: =AK30 -> 1081.5 | L30: =IF(AI30>0,I30+AK30-J30,0) -> 1081.5 | M30: =I30+K30 -> 1081.5 | N30: =G30-M30 -> 0 | O30: =IF(AND(AI30>0,DM30>0),"შეცდომაა! ერთზე მეტი ბოლო ჩაბარება!",IF(OR(AI30>0,DM30>0,),IF(AI30>0,I30+AK30,I30+AK30+DO30),IF(AND(I30=0,K30=0,DO30=0),"ნულოვანი შესრულება","მიმდინარეობს"))) -> 1081.5 | Q30: 1081.5 | R30: =I30+P30 -> 0 | S30: =Q30 -> 1081.5 | X30: =T30+V30 -> 0 | Y30: =U30+W30 -> 0 | AD30: =Z30+AB30 -> 0 | AE30: =AA30+AC30 -> 0 | AF30: =P30+T30+Z30 -> 0 | AG30: =P30+U30+AA30 -> 0 | AH30: =Q30+V30+AB30 -> 1081.5 | AI30: =Q30+W30+AC30 -> 1081.5 | AJ30: =AF30+AH30 -> 1081.5 | AK30: =AG30+AI30 -> 1081.5 | AP30: =AL30+AN30 -> 0 | AQ30: =AM30+AO30 -> 0 | AV30: =AR30+AT30 -> 0 | AW30: =AS30+AU30 -> 0 | BB30: =AX30+AZ30 -> 0 | BD30: =AY30+BA30 -> 0 | BI30: =BE30+BG30 -> 0 | BK30: =BF30+BH30 -> 0 | BP30: =BL30+BN30 -> 0 | BR30: =BM30+BO30 -> 0 | BW30: =BS30+BU30 -> 0 | BY30: =BT30+BV30 -> 0 | CD30: =BZ30+CB30 -> 0 | CE30: =CA30+CC30 -> 0 | CJ30: =CF30+CH30 -> 0 | CK30: =CG30+CI30 -> 0 | CP30: =CL30+CN30 -> 0 | CQ30: =CM30+CO30 -> 0 | CV30: =CR30+CT30 -> 0 | CW30: =CS30+CU30 -> 0 | DB30: =CX30+CZ30 -> 0 | DC30: =CY30+DA30 -> 0 | DH30: =DD30+DF30 -> 0 | DI30: =DE30+DG30 -> 0 | DJ30: =AL30+AR30+AX30+BE30+BL30+BS30+BZ30+CF30+CL30+CR30+CX30+DD30 -> 0 | DK30: =AM30+AS30+AY30+BF30+BM30+BT30+CA30+CG30+CM30+CS30+CY30+DE30 -> 0 | DL30: =AN30+AT30+BC30+BJ30+BQ30+BX30+CB30+CH30+CN30+CT30+CZ30+DF30 -> 0 | DM30: =AO30+AU30+BA30+BH30+BO30+BV30+CC30+CI30+CO30+CU30+DA30+DG30 -> 0 | DN30: =DJ30+DL30 -> 0 | DO30: =DK30+DM30 -> 0
A31: 23 | B31: ყვარელი | C31: P.2.995 | D31: (24) ქ. ყვარელი შოთა რუსთაველის ქუჩის მიწისქვეშა დაბალი წნევის გაზსადენის რეაბილიტაცია 57. 06. 56. 019-დან 57. 06. 51. 372-მდე რესპუბლიკა ბანკიდან ძველი სასამართლოს ქუჩა (P.2.995) | E31: მშენებლობა | F31: =SUM(DN31) -> 74850 | G31: 150000 | H31: 105000 | I31: 0 | J31: 0 | K31: =AK31 -> 60000 | L31: =IF(AI31>0,I31+AK31-J31,0) -> 0 | M31: =I31+K31 -> 60000 | N31: =G31-M31 -> 90000 | O31: =IF(AND(AI31>0,DM31>0),"შეცდომაა! ერთზე მეტი ბოლო ჩაბარება!",IF(OR(AI31>0,DM31>0,),IF(AI31>0,I31+AK31,I31+AK31+DO31),IF(AND(I31=0,K31=0,DO31=0),"ნულოვანი შესრულება","მიმდინარეობს"))) -> 105021.76 | P31: 60000 | R31: =I31+P31 -> 60000 | S31: =Q31 -> 0 | X31: =T31+V31 -> 0 | Y31: =U31+W31 -> 0 | AD31: =Z31+AB31 -> 0 | AE31: =AA31+AC31 -> 0 | AF31: =P31+T31+Z31 -> 60000 | AG31: =P31+U31+AA31 -> 60000 | AH31: =Q31+V31+AB31 -> 0 | AI31: =Q31+W31+AC31 -> 0 | AJ31: =AF31+AH31 -> 60000 | AK31: =AG31+AI31 -> 60000 | AP31: =AL31+AN31 -> 0 | AQ31: =AM31+AO31 -> 0 | AR31: 60000 | AS31: 30000 | AV31: =AR31+AT31 -> 60000 | AW31: =AS31+AU31 -> 30000 | AZ31: 30000 | BB31: =AX31+AZ31 -> 30000 | BD31: =AY31+BA31 -> 0 | BH31: 15021.76 | BI31: =BE31+BG31 -> 0 | BJ31: 14850 | BK31: =BF31+BH31 -> 15021.76 | BP31: =BL31+BN31 -> 0 | BR31: =BM31+BO31 -> 0 | BW31: =BS31+BU31 -> 0 | BY31: =BT31+BV31 -> 0 | CD31: =BZ31+CB31 -> 0 | CE31: =CA31+CC31 -> 0 | CJ31: =CF31+CH31 -> 0 | CK31: =CG31+CI31 -> 0 | CP31: =CL31+CN31 -> 0 | CQ31: =CM31+CO31 -> 0 | CV31: =CR31+CT31 -> 0 | CW31: =CS31+CU31 -> 0 | DB31: =CX31+CZ31 -> 0 | DC31: =CY31+DA31 -> 0 | DH31: =DD31+DF31 -> 0 | DI31: =DE31+DG31 -> 0 | DJ31: =AL31+AR31+AX31+BE31+BL31+BS31+BZ31+CF31+CL31+CR31+CX31+DD31 -> 60000 | DK31: =AM31+AS31+AY31+BF31+BM31+BT31+CA31+CG31+CM31+CS31+CY31+DE31 -> 30000 | DL31: =AN31+AT31+BC31+BJ31+BQ31+BX31+CB31+CH31+CN31+CT31+CZ31+DF31 -> 14850 | DM31: =AO31+AU31+BA31+BH31+BO31+BV31+CC31+CI31+CO31+CU31+DA31+DG31 -> 15021.76 | DN31: =DJ31+DL31 -> 74850 | DO31: =DK31+DM31 -> 45021.76
A32: 24 | B32: გურჯაანი | C32: P.2.859 | D32: (19) მე-12 საუბნო კვანძზე (სოფ. ბაკურციხე ტექნიკუმის გზაზე, ორივე მხარეს) (სოფ. ბაკურციხე, პარკისუბანში) საშუალო წნევის გაზსადენის რეაბილიტაცია. (P.2.859) | E32: მშენებლობა | F32: =SUM(DN32) -> 0 | G32: =I32+AK32+DN32 -> 0 | H32: 120000 | I32: 0 | J32: 0 | K32: =AK32 -> 0 | L32: =IF(AI32>0,I32+AK32-J32,0) -> 0 | M32: =I32+K32 -> 0 | N32: =G32-M32 -> 0 | O32: =IF(AND(AI32>0,DM32>0),"შეცდომაა! ერთზე მეტი ბოლო ჩაბარება!",IF(OR(AI32>0,DM32>0,),IF(AI32>0,I32+AK32,I32+AK32+DO32),IF(AND(I32=0,K32=0,DO32=0),"ნულოვანი შესრულება","მიმდინარეობს"))) -> ნულოვანი შესრულება | R32: =I32+P32 -> 0 | S32: =Q32 -> 0 | X32: =T32+V32 -> 0 | Y32: =U32+W32 -> 0 | AD32: =Z32+AB32 -> 0 | AE32: =AA32+AC32 -> 0 | AF32: =P32+T32+Z32 -> 0 | AG32: =P32+U32+AA32 -> 0 | AH32: =Q32+V32+AB32 -> 0 | AI32: =Q32+W32+AC32 -> 0 | AJ32: =AF32+AH32 -> 0 | AK32: =AG32+AI32 -> 0 | AP32: =AL32+AN32 -> 0 | AQ32: =AM32+AO32 -> 0 | AV32: =AR32+AT32 -> 0 | AW32: =AS32+AU32 -> 0 | BB32: =AX32+AZ32 -> 0 | BD32: =AY32+BA32 -> 0 | BI32: =BE32+BG32 -> 0 | BK32: =BF32+BH32 -> 0 | BP32: =BL32+BN32 -> 0 | BR32: =BM32+BO32 -> 0 | BW32: =BS32+BU32 -> 0 | BY32: =BT32+BV32 -> 0 | CD32: =BZ32+CB32 -> 0 | CE32: =CA32+CC32 -> 0 | CJ32: =CF32+CH32 -> 0 | CK32: =CG32+CI32 -> 0 | CP32: =CL32+CN32 -> 0 | CQ32: =CM32+CO32 -> 0 | CV32: =CR32+CT32 -> 0 | CW32: =CS32+CU32 -> 0 | DB32: =CX32+CZ32 -> 0 | DC32: =CY32+DA32 -> 0 | DH32: =DD32+DF32 -> 0 | DI32: =DE32+DG32 -> 0 | DJ32: =AL32+AR32+AX32+BE32+BL32+BS32+BZ32+CF32+CL32+CR32+CX32+DD32 -> 0 | DK32: =AM32+AS32+AY32+BF32+BM32+BT32+CA32+CG32+CM32+CS32+CY32+DE32 -> 0 | DL32: =AN32+AT32+BC32+BJ32+BQ32+BX32+CB32+CH32+CN32+CT32+CZ32+DF32 -> 0 | DM32: =AO32+AU32+BA32+BH32+BO32+BV32+CC32+CI32+CO32+CU32+DA32+DG32 -> 0 | DN32: =DJ32+DL32 -> 0 | DO32: =DK32+DM32 -> 0
A33: 25 | B33: ყვარელი | C33: P.2.995 | D33: (26) ქ. ყვარელი შოთა რუსთაველის ქუჩის მიწისქვეშა დაბალი წნევის გაზსადენის რეაბილიტაცია 57. 06. 56. 019-დან 57. 06. 51. 372-მდე რესპუბლიკა ბანკიდან ძველი სასამართლოს ქუჩა (P.2.995) | E33: დაპროექტება | F33: =SUM(DN33) -> 0 | G33: =I33+AK33+DN33 -> 2093 | I33: 0 | J33: 0 | K33: =AK33 -> 2093 | L33: =IF(AI33>0,I33+AK33-J33,0) -> 2093 | M33: =I33+K33 -> 2093 | N33: =G33-M33 -> 0 | O33: =IF(AND(AI33>0,DM33>0),"შეცდომაა! ერთზე მეტი ბოლო ჩაბარება!",IF(OR(AI33>0,DM33>0,),IF(AI33>0,I33+AK33,I33+AK33+DO33),IF(AND(I33=0,K33=0,DO33=0),"ნულოვანი შესრულება","მიმდინარეობს"))) -> 2093 | Q33: 2093 | R33: =I33+P33 -> 0 | S33: =Q33 -> 2093 | X33: =T33+V33 -> 0 | Y33: =U33+W33 -> 0 | AD33: =Z33+AB33 -> 0 | AE33: =AA33+AC33 -> 0 | AF33: =P33+T33+Z33 -> 0 | AG33: =P33+U33+AA33 -> 0 | AH33: =Q33+V33+AB33 -> 2093 | AI33: =Q33+W33+AC33 -> 2093 | AJ33: =AF33+AH33 -> 2093 | AK33: =AG33+AI33 -> 2093 | AP33: =AL33+AN33 -> 0 | AQ33: =AM33+AO33 -> 0 | AV33: =AR33+AT33 -> 0 | AW33: =AS33+AU33 -> 0 | BB33: =AX33+AZ33 -> 0 | BD33: =AY33+BA33 -> 0 | BI33: =BE33+BG33 -> 0 | BK33: =BF33+BH33 -> 0 | BP33: =BL33+BN33 -> 0 | BR33: =BM33+BO33 -> 0 | BW33: =BS33+BU33 -> 0 | BY33: =BT33+BV33 -> 0 | CD33: =BZ33+CB33 -> 0 | CE33: =CA33+CC33 -> 0 | CJ33: =CF33+CH33 -> 0 | CK33: =CG33+CI33 -> 0 | CP33: =CL33+CN33 -> 0 | CQ33: =CM33+CO33 -> 0 | CV33: =CR33+CT33 -> 0 | CW33: =CS33+CU33 -> 0 | DB33: =CX33+CZ33 -> 0 | DC33: =CY33+DA33 -> 0 | DH33: =DD33+DF33 -> 0 | DI33: =DE33+DG33 -> 0 | DJ33: =AL33+AR33+AX33+BE33+BL33+BS33+BZ33+CF33+CL33+CR33+CX33+DD33 -> 0 | DK33: =AM33+AS33+AY33+BF33+BM33+BT33+CA33+CG33+CM33+CS33+CY33+DE33 -> 0 | DL33: =AN33+AT33+BC33+BJ33+BQ33+BX33+CB33+CH33+CN33+CT33+CZ33+DF33 -> 0 | DM33: =AO33+AU33+BA33+BH33+BO33+BV33+CC33+CI33+CO33+CU33+DA33+DG33 -> 0 | DN33: =DJ33+DL33 -> 0 | DO33: =DK33+DM33 -> 0
A34: 26 | B34: ყვარელი | C34: P.2.105 | D34: (20) ქ. ყვარელი ქაქუცა ჩოლოყაშვილი ქუჩის მიწისქვეშა დაბალი წნევის გაზსადენის რეაბილიტაცია 57. 06. 54. 506-დან 57. 06. 55. 095-მდე სალავაშეს ქ (P.2.105) | E34: მშენებლობა | F34: =SUM(DN34) -> 0 | G34: =I34+AK34+DN34 -> 0 | H34: 115000 | I34: 0 | J34: 0 | K34: =AK34 -> 0 | L34: =IF(AI34>0,I34+AK34-J34,0) -> 0 | M34: =I34+K34 -> 0 | N34: =G34-M34 -> 0 | O34: =IF(AND(AI34>0,DM34>0),"შეცდომაა! ერთზე მეტი ბოლო ჩაბარება!",IF(OR(AI34>0,DM34>0,),IF(AI34>0,I34+AK34,I34+AK34+DO34),IF(AND(I34=0,K34=0,DO34=0),"ნულოვანი შესრულება","მიმდინარეობს"))) -> ნულოვანი შესრულება | R34: =I34+P34 -> 0 | S34: =Q34 -> 0 | X34: =T34+V34 -> 0 | Y34: =U34+W34 -> 0 | AD34: =Z34+AB34 -> 0 | AE34: =AA34+AC34 -> 0 | AF34: =P34+T34+Z34 -> 0 | AG34: =P34+U34+AA34 -> 0 | AH34: =Q34+V34+AB34 -> 0 | AI34: =Q34+W34+AC34 -> 0 | AJ34: =AF34+AH34 -> 0 | AK34: =AG34+AI34 -> 0 | AP34: =AL34+AN34 -> 0 | AQ34: =AM34+AO34 -> 0 | AV34: =AR34+AT34 -> 0 | AW34: =AS34+AU34 -> 0 | BB34: =AX34+AZ34 -> 0 | BD34: =AY34+BA34 -> 0 | BI34: =BE34+BG34 -> 0 | BK34: =BF34+BH34 -> 0 | BP34: =BL34+BN34 -> 0 | BR34: =BM34+BO34 -> 0 | BW34: =BS34+BU34 -> 0 | BY34: =BT34+BV34 -> 0 | CD34: =BZ34+CB34 -> 0 | CE34: =CA34+CC34 -> 0 | CJ34: =CF34+CH34 -> 0 | CK34: =CG34+CI34 -> 0 | CP34: =CL34+CN34 -> 0 | CQ34: =CM34+CO34 -> 0 | CV34: =CR34+CT34 -> 0 | CW34: =CS34+CU34 -> 0 | DB34: =CX34+CZ34 -> 0 | DC34: =CY34+DA34 -> 0 | DH34: =DD34+DF34 -> 0 | DI34: =DE34+DG34 -> 0 | DJ34: =AL34+AR34+AX34+BE34+BL34+BS34+BZ34+CF34+CL34+CR34+CX34+DD34 -> 0 | DK34: =AM34+AS34+AY34+BF34+BM34+BT34+CA34+CG34+CM34+CS34+CY34+DE34 -> 0 | DL34: =AN34+AT34+BC34+BJ34+BQ34+BX34+CB34+CH34+CN34+CT34+CZ34+DF34 -> 0 | DM34: =AO34+AU34+BA34+BH34+BO34+BV34+CC34+CI34+CO34+CU34+DA34+DG34 -> 0 | DN34: =DJ34+DL34 -> 0 | DO34: =DK34+DM34 -> 0
A35: 27 | B35: გურჯაანი | C35: P.2.869 | D35: (34) 32-ე საუბნო კვანძზე, (ორველაშვილის უბანზე) (საშ. სკოლასთან) დაბალი წნევის გაზსადენის რეაბილიტაცია. (P.2.869) | E35: მშენებლობა | F35: =SUM(DN35) -> 0 | G35: =I35+AK35+DN35 -> 0 | H35: 70000 | I35: 0 | J35: 0 | K35: =AK35 -> 0 | L35: =IF(AI35>0,I35+AK35-J35,0) -> 0 | M35: =I35+K35 -> 0 | N35: =G35-M35 -> 0 | O35: =IF(AND(AI35>0,DM35>0),"შეცდომაა! ერთზე მეტი ბოლო ჩაბარება!",IF(OR(AI35>0,DM35>0,),IF(AI35>0,I35+AK35,I35+AK35+DO35),IF(AND(I35=0,K35=0,DO35=0),"ნულოვანი შესრულება","მიმდინარეობს"))) -> ნულოვანი შესრულება | R35: =I35+P35 -> 0 | S35: =Q35 -> 0 | X35: =T35+V35 -> 0 | Y35: =U35+W35 -> 0 | AD35: =Z35+AB35 -> 0 | AE35: =AA35+AC35 -> 0 | AF35: =P35+T35+Z35 -> 0 | AG35: =P35+U35+AA35 -> 0 | AH35: =Q35+V35+AB35 -> 0 | AI35: =Q35+W35+AC35 -> 0 | AJ35: =AF35+AH35 -> 0 | AK35: =AG35+AI35 -> 0 | AP35: =AL35+AN35 -> 0 | AQ35: =AM35+AO35 -> 0 | AV35: =AR35+AT35 -> 0 | AW35: =AS35+AU35 -> 0 | BB35: =AX35+AZ35 -> 0 | BD35: =AY35+BA35 -> 0 | BI35: =BE35+BG35 -> 0 | BK35: =BF35+BH35 -> 0 | BP35: =BL35+BN35 -> 0 | BR35: =BM35+BO35 -> 0 | BW35: =BS35+BU35 -> 0 | BY35: =BT35+BV35 -> 0 | CD35: =BZ35+CB35 -> 0 | CE35: =CA35+CC35 -> 0 | CJ35: =CF35+CH35 -> 0 | CK35: =CG35+CI35 -> 0 | CP35: =CL35+CN35 -> 0 | CQ35: =CM35+CO35 -> 0 | CV35: =CR35+CT35 -> 0 | CW35: =CS35+CU35 -> 0 | DB35: =CX35+CZ35 -> 0 | DC35: =CY35+DA35 -> 0 | DH35: =DD35+DF35 -> 0 | DI35: =DE35+DG35 -> 0 | DJ35: =AL35+AR35+AX35+BE35+BL35+BS35+BZ35+CF35+CL35+CR35+CX35+DD35 -> 0 | DK35: =AM35+AS35+AY35+BF35+BM35+BT35+CA35+CG35+CM35+CS35+CY35+DE35 -> 0 | DL35: =AN35+AT35+BC35+BJ35+BQ35+BX35+CB35+CH35+CN35+CT35+CZ35+DF35 -> 0 | DM35: =AO35+AU35+BA35+BH35+BO35+BV35+CC35+CI35+CO35+CU35+DA35+DG35 -> 0 | DN35: =DJ35+DL35 -> 0 | DO35: =DK35+DM35 -> 0
A36: 28 | B36: მარნეული | C36: P.2.903 | D36: (39) 724 ცალი მრიცხველის დაბლა ჩამოტანა მარნეულის სერვის ცენტრში (P.2.903) | E36: მშენებლობა | F36: =SUM(DN36) -> 0 | G36: =I36+AK36+DN36 -> 0 | H36: 60000 | I36: 0 | J36: 0 | K36: =AK36 -> 0 | L36: =IF(AI36>0,I36+AK36-J36,0) -> 0 | M36: =I36+K36 -> 0 | N36: =G36-M36 -> 0 | O36: =IF(AND(AI36>0,DM36>0),"შეცდომაა! ერთზე მეტი ბოლო ჩაბარება!",IF(OR(AI36>0,DM36>0,),IF(AI36>0,I36+AK36,I36+AK36+DO36),IF(AND(I36=0,K36=0,DO36=0),"ნულოვანი შესრულება","მიმდინარეობს"))) -> ნულოვანი შესრულება | R36: =I36+P36 -> 0 | S36: =Q36 -> 0 | X36: =T36+V36 -> 0 | Y36: =U36+W36 -> 0 | AD36: =Z36+AB36 -> 0 | AE36: =AA36+AC36 -> 0 | AF36: =P36+T36+Z36 -> 0 | AG36: =P36+U36+AA36 -> 0 | AH36: =Q36+V36+AB36 -> 0 | AI36: =Q36+W36+AC36 -> 0 | AJ36: =AF36+AH36 -> 0 | AK36: =AG36+AI36 -> 0 | AP36: =AL36+AN36 -> 0 | AQ36: =AM36+AO36 -> 0 | AV36: =AR36+AT36 -> 0 | AW36: =AS36+AU36 -> 0 | BB36: =AX36+AZ36 -> 0 | BD36: =AY36+BA36 -> 0 | BI36: =BE36+BG36 -> 0 | BK36: =BF36+BH36 -> 0 | BP36: =BL36+BN36 -> 0 | BR36: =BM36+BO36 -> 0 | BW36: =BS36+BU36 -> 0 | BY36: =BT36+BV36 -> 0 | CD36: =BZ36+CB36 -> 0 | CE36: =CA36+CC36 -> 0 | CJ36: =CF36+CH36 -> 0 | CK36: =CG36+CI36 -> 0 | CP36: =CL36+CN36 -> 0 | CQ36: =CM36+CO36 -> 0 | CV36: =CR36+CT36 -> 0 | CW36: =CS36+CU36 -> 0 | DB36: =CX36+CZ36 -> 0 | DC36: =CY36+DA36 -> 0 | DH36: =DD36+DF36 -> 0 | DI36: =DE36+DG36 -> 0 | DJ36: =AL36+AR36+AX36+BE36+BL36+BS36+BZ36+CF36+CL36+CR36+CX36+DD36 -> 0 | DK36: =AM36+AS36+AY36+BF36+BM36+BT36+CA36+CG36+CM36+CS36+CY36+DE36 -> 0 | DL36: =AN36+AT36+BC36+BJ36+BQ36+BX36+CB36+CH36+CN36+CT36+CZ36+DF36 -> 0 | DM36: =AO36+AU36+BA36+BH36+BO36+BV36+CC36+CI36+CO36+CU36+DA36+DG36 -> 0 | DN36: =DJ36+DL36 -> 0 | DO36: =DK36+DM36 -> 0
A37: 29 | B37: საგარეჯო | C37: P.2.970 | D37: (11) საგარეჯო,სოფ. პატარძეულის 01 საუბნო მრიცხველის შემდეგ გამავალი ფოლადის საჰაერო გაზსადენისა და საყრდენების შეღებვა (P.2.970) | E37: მშენებლობა | F37: =SUM(DN37) -> 164994 | G37: =I37+AK37+DN37 -> 234994 | H37: 190000 | I37: 0 | J37: 0 | K37: =AK37 -> 70000 | L37: =IF(AI37>0,I37+AK37-J37,0) -> 0 | M37: =I37+K37 -> 70000 | N37: =G37-M37 -> 164994 | O37: =IF(AND(AI37>0,DM37>0),"შეცდომაა! ერთზე მეტი ბოლო ჩაბარება!",IF(OR(AI37>0,DM37>0,),IF(AI37>0,I37+AK37,I37+AK37+DO37),IF(AND(I37=0,K37=0,DO37=0),"ნულოვანი შესრულება","მიმდინარეობს"))) -> მიმდინარეობს | P37: 70000 | R37: =I37+P37 -> 70000 | S37: =Q37 -> 0 | X37: =T37+V37 -> 0 | Y37: =U37+W37 -> 0 | AD37: =Z37+AB37 -> 0 | AE37: =AA37+AC37 -> 0 | AF37: =P37+T37+Z37 -> 70000 | AG37: =P37+U37+AA37 -> 70000 | AH37: =Q37+V37+AB37 -> 0 | AI37: =Q37+W37+AC37 -> 0 | AJ37: =AF37+AH37 -> 70000 | AK37: =AG37+AI37 -> 70000 | AP37: =AL37+AN37 -> 0 | AQ37: =AM37+AO37 -> 0 | AV37: =AR37+AT37 -> 0 | AW37: =AS37+AU37 -> 0 | AY37: 62600 | BB37: =AX37+AZ37 -> 0 | BC37: 62600 | BD37: =AY37+BA37 -> 62600 | BF37: 10000 | BI37: =BE37+BG37 -> 0 | BJ37: 10000 | BK37: =BF37+BH37 -> 10000 | BM37: 80000 | BP37: =BL37+BN37 -> 0 | BQ37: 80000 | BR37: =BM37+BO37 -> 80000 | BT37: 10000 | BW37: =BS37+BU37 -> 0 | BX37: 12394 | BY37: =BT37+BV37 -> 10000 | CD37: =BZ37+CB37 -> 0 | CE37: =CA37+CC37 -> 0 | CJ37: =CF37+CH37 -> 0 | CK37: =CG37+CI37 -> 0 | CP37: =CL37+CN37 -> 0 | CQ37: =CM37+CO37 -> 0 | CV37: =CR37+CT37 -> 0 | CW37: =CS37+CU37 -> 0 | DB37: =CX37+CZ37 -> 0 | DC37: =CY37+DA37 -> 0 | DH37: =DD37+DF37 -> 0 | DI37: =DE37+DG37 -> 0 | DJ37: =AL37+AR37+AX37+BE37+BL37+BS37+BZ37+CF37+CL37+CR37+CX37+DD37 -> 0 | DK37: =AM37+AS37+AY37+BF37+BM37+BT37+CA37+CG37+CM37+CS37+CY37+DE37 -> 162600 | DL37: =AN37+AT37+BC37+BJ37+BQ37+BX37+CB37+CH37+CN37+CT37+CZ37+DF37 -> 164994 | DM37: =AO37+AU37+BA37+BH37+BO37+BV37+CC37+CI37+CO37+CU37+DA37+DG37 -> 0 | DN37: =DJ37+DL37 -> 164994 | DO37: =DK37+DM37 -> 162600
A38: 30 | B38: ახმეტა | C38: P.2.506 | D38: (37) ქ. ახმეტა დედის ქუჩის გაზსადენის რეაბილიტაცია პირველი მაისის ქუჩის გაზსადენის რეაბილიტაცია | E38: დაპროექტება | F38: =SUM(DN38) -> 0 | G38: =I38+AK38+DN38 -> 1417.5 | I38: 0 | J38: 0 | K38: =AK38 -> 1417.5 | L38: =IF(AI38>0,I38+AK38-J38,0) -> 1417.5 | M38: =I38+K38 -> 1417.5 | N38: =G38-M38 -> 0 | O38: =IF(AND(AI38>0,DM38>0),"შეცდომაა! ერთზე მეტი ბოლო ჩაბარება!",IF(OR(AI38>0,DM38>0,),IF(AI38>0,I38+AK38,I38+AK38+DO38),IF(AND(I38=0,K38=0,DO38=0),"ნულოვანი შესრულება","მიმდინარეობს"))) -> 1417.5 | Q38: 1417.5 | R38: =I38+P38 -> 0 | S38: =Q38 -> 1417.5 | X38: =T38+V38 -> 0 | Y38: =U38+W38 -> 0 | AD38: =Z38+AB38 -> 0 | AE38: =AA38+AC38 -> 0 | AF38: =P38+T38+Z38 -> 0 | AG38: =P38+U38+AA38 -> 0 | AH38: =Q38+V38+AB38 -> 1417.5 | AI38: =Q38+W38+AC38 -> 1417.5 | AJ38: =AF38+AH38 -> 1417.5 | AK38: =AG38+AI38 -> 1417.5 | AP38: =AL38+AN38 -> 0 | AQ38: =AM38+AO38 -> 0 | AV38: =AR38+AT38 -> 0 | AW38: =AS38+AU38 -> 0 | BB38: =AX38+AZ38 -> 0 | BD38: =AY38+BA38 -> 0 | BI38: =BE38+BG38 -> 0 | BK38: =BF38+BH38 -> 0 | BP38: =BL38+BN38 -> 0 | BR38: =BM38+BO38 -> 0 | BW38: =BS38+BU38 -> 0 | BY38: =BT38+BV38 -> 0 | CD38: =BZ38+CB38 -> 0 | CE38: =CA38+CC38 -> 0 | CJ38: =CF38+CH38 -> 0 | CK38: =CG38+CI38 -> 0 | CP38: =CL38+CN38 -> 0 | CQ38: =CM38+CO38 -> 0 | CV38: =CR38+CT38 -> 0 | CW38: =CS38+CU38 -> 0 | DB38: =CX38+CZ38 -> 0 | DC38: =CY38+DA38 -> 0 | DH38: =DD38+DF38 -> 0 | DI38: =DE38+DG38 -> 0 | DJ38: =AL38+AR38+AX38+BE38+BL38+BS38+BZ38+CF38+CL38+CR38+CX38+DD38 -> 0 | DK38: =AM38+AS38+AY38+BF38+BM38+BT38+CA38+CG38+CM38+CS38+CY38+DE38 -> 0 | DL38: =AN38+AT38+BC38+BJ38+BQ38+BX38+CB38+CH38+CN38+CT38+CZ38+DF38 -> 0 | DM38: =AO38+AU38+BA38+BH38+BO38+BV38+CC38+CI38+CO38+CU38+DA38+DG38 -> 0 | DN38: =DJ38+DL38 -> 0 | DO38: =DK38+DM38 -> 0
A39: 31 | B39: ახმეტა | C39: P.2.100 | D39: (58)ქ. ახმეტა მარქსის ქუჩის გაზსადენის რეაბილიტაცია | E39: მშენებლობა | F39: =SUM(DN39) -> 0 | G39: =I39+AK39+DN39 -> 8023.47 | I39: 0 | J39: 0 | K39: =AK39 -> 8023.47 | L39: =IF(AI39>0,I39+AK39-J39,0) -> 8023.47 | M39: =I39+K39 -> 8023.47 | N39: =G39-M39 -> 0 | O39: =IF(AND(AI39>0,DM39>0),"შეცდომაა! ერთზე მეტი ბოლო ჩაბარება!",IF(OR(AI39>0,DM39>0,),IF(AI39>0,I39+AK39,I39+AK39+DO39),IF(AND(I39=0,K39=0,DO39=0),"ნულოვანი შესრულება","მიმდინარეობს"))) -> 8023.47 | Q39: 8023.47 | R39: =I39+P39 -> 0 | S39: =Q39 -> 8023.47 | X39: =T39+V39 -> 0 | Y39: =U39+W39 -> 0 | AD39: =Z39+AB39 -> 0 | AE39: =AA39+AC39 -> 0 | AF39: =P39+T39+Z39 -> 0 | AG39: =P39+U39+AA39 -> 0 | AH39: =Q39+V39+AB39 -> 8023.47 | AI39: =Q39+W39+AC39 -> 8023.47 | AJ39: =AF39+AH39 -> 8023.47 | AK39: =AG39+AI39 -> 8023.47 | AP39: =AL39+AN39 -> 0 | AQ39: =AM39+AO39 -> 0 | AV39: =AR39+AT39 -> 0 | AW39: =AS39+AU39 -> 0 | BB39: =AX39+AZ39 -> 0 | BD39: =AY39+BA39 -> 0 | BI39: =BE39+BG39 -> 0 | BK39: =BF39+BH39 -> 0 | BP39: =BL39+BN39 -> 0 | BR39: =BM39+BO39 -> 0 | BW39: =BS39+BU39 -> 0 | BY39: =BT39+BV39 -> 0 | CD39: =BZ39+CB39 -> 0 | CE39: =CA39+CC39 -> 0 | CJ39: =CF39+CH39 -> 0 | CK39: =CG39+CI39 -> 0 | CP39: =CL39+CN39 -> 0 | CQ39: =CM39+CO39 -> 0 | CV39: =CR39+CT39 -> 0 | CW39: =CS39+CU39 -> 0 | DB39: =CX39+CZ39 -> 0 | DC39: =CY39+DA39 -> 0 | DH39: =DD39+DF39 -> 0 | DI39: =DE39+DG39 -> 0 | DJ39: =AL39+AR39+AX39+BE39+BL39+BS39+BZ39+CF39+CL39+CR39+CX39+DD39 -> 0 | DK39: =AM39+AS39+AY39+BF39+BM39+BT39+CA39+CG39+CM39+CS39+CY39+DE39 -> 0 | DL39: =AN39+AT39+BC39+BJ39+BQ39+BX39+CB39+CH39+CN39+CT39+CZ39+DF39 -> 0 | DM39: =AO39+AU39+BA39+BH39+BO39+BV39+CC39+CI39+CO39+CU39+DA39+DG39 -> 0 | DN39: =DJ39+DL39 -> 0 | DO39: =DK39+DM39 -> 0
A40: 32 | B40: ახმეტა | C40: P.2.525 | D40: (1)გერეესიდან ზ. ალვნამდე არსებული ქსელის რეაბილიტაცია | E40: დაპროექტება | F40: =SUM(DN40) -> 0 | G40: =I40+AK40+DN40 -> 15454.25 | I40: 0 | J40: 0 | K40: =AK40 -> 15454.25 | L40: =IF(AI40>0,I40+AK40-J40,0) -> 15454.25 | M40: =I40+K40 -> 15454.25 | N40: =G40-M40 -> 0 | O40: =IF(AND(AI40>0,DM40>0),"შეცდომაა! ერთზე მეტი ბოლო ჩაბარება!",IF(OR(AI40>0,DM40>0,),IF(AI40>0,I40+AK40,I40+AK40+DO40),IF(AND(I40=0,K40=0,DO40=0),"ნულოვანი შესრულება","მიმდინარეობს"))) -> 15454.25 | Q40: 15454.25 | R40: =I40+P40 -> 0 | S40: =Q40 -> 15454.25 | X40: =T40+V40 -> 0 | Y40: =U40+W40 -> 0 | AD40: =Z40+AB40 -> 0 | AE40: =AA40+AC40 -> 0 | AF40: =P40+T40+Z40 -> 0 | AG40: =P40+U40+AA40 -> 0 | AH40: =Q40+V40+AB40 -> 15454.25 | AI40: =Q40+W40+AC40 -> 15454.25 | AJ40: =AF40+AH40 -> 15454.25 | AK40: =AG40+AI40 -> 15454.25 | AP40: =AL40+AN40 -> 0 | AQ40: =AM40+AO40 -> 0 | AV40: =AR40+AT40 -> 0 | AW40: =AS40+AU40 -> 0 | BB40: =AX40+AZ40 -> 0 | BD40: =AY40+BA40 -> 0 | BI40: =BE40+BG40 -> 0 | BK40: =BF40+BH40 -> 0 | BP40: =BL40+BN40 -> 0 | BR40: =BM40+BO40 -> 0 | BW40: =BS40+BU40 -> 0 | BY40: =BT40+BV40 -> 0 | CD40: =BZ40+CB40 -> 0 | CE40: =CA40+CC40 -> 0 | CJ40: =CF40+CH40 -> 0 | CK40: =CG40+CI40 -> 0 | CP40: =CL40+CN40 -> 0 | CQ40: =CM40+CO40 -> 0 | CV40: =CR40+CT40 -> 0 | CW40: =CS40+CU40 -> 0 | DB40: =CX40+CZ40 -> 0 | DC40: =CY40+DA40 -> 0 | DH40: =DD40+DF40 -> 0 | DI40: =DE40+DG40 -> 0 | DJ40: =AL40+AR40+AX40+BE40+BL40+BS40+BZ40+CF40+CL40+CR40+CX40+DD40 -> 0 | DK40: =AM40+AS40+AY40+BF40+BM40+BT40+CA40+CG40+CM40+CS40+CY40+DE40 -> 0 | DL40: =AN40+AT40+BC40+BJ40+BQ40+BX40+CB40+CH40+CN40+CT40+CZ40+DF40 -> 0 | DM40: =AO40+AU40+BA40+BH40+BO40+BV40+CC40+CI40+CO40+CU40+DA40+DG40 -> 0 | DN40: =DJ40+DL40 -> 0 | DO40: =DK40+DM40 -> 0
A41: 33 | B41: ახმეტა | C41: P.2.502 | D41: (12) გაზსადენების შეღებვა სხვადასხვა მისამართებზე (P.2.502) | E41: მშენებლობა | F41: =SUM(DN41) -> 156152 | G41: =I41+AK41+DN41 -> 226152 | H41: 180000 | I41: 0 | J41: 0 | K41: =AK41 -> 70000 | L41: =IF(AI41>0,I41+AK41-J41,0) -> 0 | M41: =I41+K41 -> 70000 | N41: =G41-M41 -> 156152 | O41: =IF(AND(AI41>0,DM41>0),"შეცდომაა! ერთზე მეტი ბოლო ჩაბარება!",IF(OR(AI41>0,DM41>0,),IF(AI41>0,I41+AK41,I41+AK41+DO41),IF(AND(I41=0,K41=0,DO41=0),"ნულოვანი შესრულება","მიმდინარეობს"))) -> 283649.11 | P41: 70000 | R41: =I41+P41 -> 70000 | S41: =Q41 -> 0 | X41: =T41+V41 -> 0 | Y41: =U41+W41 -> 0 | AD41: =Z41+AB41 -> 0 | AE41: =AA41+AC41 -> 0 | AF41: =P41+T41+Z41 -> 70000 | AG41: =P41+U41+AA41 -> 70000 | AH41: =Q41+V41+AB41 -> 0 | AI41: =Q41+W41+AC41 -> 0 | AJ41: =AF41+AH41 -> 70000 | AK41: =AG41+AI41 -> 70000 | AP41: =AL41+AN41 -> 0 | AQ41: =AM41+AO41 -> 0 | AV41: =AR41+AT41 -> 0 | AW41: =AS41+AU41 -> 0 | AY41: 70000 | BB41: =AX41+AZ41 -> 0 | BC41: 70000 | BD41: =AY41+BA41 -> 70000 | BF41: 30000 | BI41: =BE41+BG41 -> 0 | BJ41: 30000 | BK41: =BF41+BH41 -> 30000 | BM41: 30000 | BP41: =BL41+BN41 -> 0 | BQ41: 30000 | BR41: =BM41+BO41 -> 30000 | BT41: 20000 | BW41: =BS41+BU41 -> 0 | BX41: 26152 | BY41: =BT41+BV41 -> 20000 | CD41: =BZ41+CB41 -> 0 | CE41: =CA41+CC41 -> 0 | CJ41: =CF41+CH41 -> 0 | CK41: =CG41+CI41 -> 0 | CP41: =CL41+CN41 -> 0 | CQ41: =CM41+CO41 -> 0 | CV41: =CR41+CT41 -> 0 | CW41: =CS41+CU41 -> 0 | DA41: 63649.11 | DB41: =CX41+CZ41 -> 0 | DC41: =CY41+DA41 -> 63649.11 | DH41: =DD41+DF41 -> 0 | DI41: =DE41+DG41 -> 0 | DJ41: =AL41+AR41+AX41+BE41+BL41+BS41+BZ41+CF41+CL41+CR41+CX41+DD41 -> 0 | DK41: =AM41+AS41+AY41+BF41+BM41+BT41+CA41+CG41+CM41+CS41+CY41+DE41 -> 150000 | DL41: =AN41+AT41+BC41+BJ41+BQ41+BX41+CB41+CH41+CN41+CT41+CZ41+DF41 -> 156152 | DM41: =AO41+AU41+BA41+BH41+BO41+BV41+CC41+CI41+CO41+CU41+DA41+DG41 -> 63649.11 | DN41: =DJ41+DL41 -> 156152 | DO41: =DK41+DM41 -> 213649.11
A42: 34 | B42: ყვარელი | C42: P.2.105 | D42: (23) ქ. ყვარელი ქაქუცა ჩოლოყაშვილი ქუჩის მიწისქვეშა დაბალი წნევის გაზსადენის რეაბილიტაცია 57. 06. 54. 506-დან 57. 06. 55. 095-მდე სალავაშეს ქ (P.2.105) | E42: დაპროექტება | F42: =SUM(DN42) -> 0 | G42: =I42+AK42+DN42 -> 4539.5 | I42: 0 | J42: 0 | K42: =AK42 -> 4539.5 | L42: =IF(AI42>0,I42+AK42-J42,0) -> 4539.5 | M42: =I42+K42 -> 4539.5 | N42: =G42-M42 -> 0 | O42: =IF(AND(AI42>0,DM42>0),"შეცდომაა! ერთზე მეტი ბოლო ჩაბარება!",IF(OR(AI42>0,DM42>0,),IF(AI42>0,I42+AK42,I42+AK42+DO42),IF(AND(I42=0,K42=0,DO42=0),"ნულოვანი შესრულება","მიმდინარეობს"))) -> 4539.5 | Q42: 4539.5 | R42: =I42+P42 -> 0 | S42: =Q42 -> 4539.5 | X42: =T42+V42 -> 0 | Y42: =U42+W42 -> 0 | AD42: =Z42+AB42 -> 0 | AE42: =AA42+AC42 -> 0 | AF42: =P42+T42+Z42 -> 0 | AG42: =P42+U42+AA42 -> 0 | AH42: =Q42+V42+AB42 -> 4539.5 | AI42: =Q42+W42+AC42 -> 4539.5 | AJ42: =AF42+AH42 -> 4539.5 | AK42: =AG42+AI42 -> 4539.5 | AP42: =AL42+AN42 -> 0 | AQ42: =AM42+AO42 -> 0 | AV42: =AR42+AT42 -> 0 | AW42: =AS42+AU42 -> 0 | BB42: =AX42+AZ42 -> 0 | BD42: =AY42+BA42 -> 0 | BI42: =BE42+BG42 -> 0 | BK42: =BF42+BH42 -> 0 | BP42: =BL42+BN42 -> 0 | BR42: =BM42+BO42 -> 0 | BW42: =BS42+BU42 -> 0 | BY42: =BT42+BV42 -> 0 | CD42: =BZ42+CB42 -> 0 | CE42: =CA42+CC42 -> 0 | CJ42: =CF42+CH42 -> 0 | CK42: =CG42+CI42 -> 0 | CP42: =CL42+CN42 -> 0 | CQ42: =CM42+CO42 -> 0 | CV42: =CR42+CT42 -> 0 | CW42: =CS42+CU42 -> 0 | DB42: =CX42+CZ42 -> 0 | DC42: =CY42+DA42 -> 0 | DH42: =DD42+DF42 -> 0 | DI42: =DE42+DG42 -> 0 | DJ42: =AL42+AR42+AX42+BE42+BL42+BS42+BZ42+CF42+CL42+CR42+CX42+DD42 -> 0 | DK42: =AM42+AS42+AY42+BF42+BM42+BT42+CA42+CG42+CM42+CS42+CY42+DE42 -> 0 | DL42: =AN42+AT42+BC42+BJ42+BQ42+BX42+CB42+CH42+CN42+CT42+CZ42+DF42 -> 0 | DM42: =AO42+AU42+BA42+BH42+BO42+BV42+CC42+CI42+CO42+CU42+DA42+DG42 -> 0 | DN42: =DJ42+DL42 -> 0 | DO42: =DK42+DM42 -> 0
A43: 35 | B43: ყვარელი | C43: P.2.1118 | D43: (23) ქ. ყვარელი, თამარ მეფის ქუჩის მიწისქვეშა დაბალი წნევის გაზსადენის რეაბილიტაცია 57.06.56.000.165-დან 57.06.51.000.122-მდე (P.2.1118) | E43: მშენებლობა | F43: =SUM(DN43) -> 13772 | G43: =I43+AK43+DN43 -> 13772 | H43: 105000 | I43: 0 | J43: 0 | K43: =AK43 -> 0 | L43: =IF(AI43>0,I43+AK43-J43,0) -> 0 | M43: =I43+K43 -> 0 | N43: =G43-M43 -> 13772 | O43: =IF(AND(AI43>0,DM43>0),"შეცდომაა! ერთზე მეტი ბოლო ჩაბარება!",IF(OR(AI43>0,DM43>0,),IF(AI43>0,I43+AK43,I43+AK43+DO43),IF(AND(I43=0,K43=0,DO43=0),"ნულოვანი შესრულება","მიმდინარეობს"))) -> 66637.13 | R43: =I43+P43 -> 0 | S43: =Q43 -> 0 | X43: =T43+V43 -> 0 | Y43: =U43+W43 -> 0 | AD43: =Z43+AB43 -> 0 | AE43: =AA43+AC43 -> 0 | AF43: =P43+T43+Z43 -> 0 | AG43: =P43+U43+AA43 -> 0 | AH43: =Q43+V43+AB43 -> 0 | AI43: =Q43+W43+AC43 -> 0 | AJ43: =AF43+AH43 -> 0 | AK43: =AG43+AI43 -> 0 | AP43: =AL43+AN43 -> 0 | AQ43: =AM43+AO43 -> 0 | AS43: 50000 | AV43: =AR43+AT43 -> 0 | AW43: =AS43+AU43 -> 50000 | BB43: =AX43+AZ43 -> 0 | BD43: =AY43+BA43 -> 0 | BH43: 16637.13 | BI43: =BE43+BG43 -> 0 | BJ43: 13772 | BK43: =BF43+BH43 -> 16637.13 | BP43: =BL43+BN43 -> 0 | BR43: =BM43+BO43 -> 0 | BW43: =BS43+BU43 -> 0 | BY43: =BT43+BV43 -> 0 | CD43: =BZ43+CB43 -> 0 | CE43: =CA43+CC43 -> 0 | CJ43: =CF43+CH43 -> 0 | CK43: =CG43+CI43 -> 0 | CP43: =CL43+CN43 -> 0 | CQ43: =CM43+CO43 -> 0 | CV43: =CR43+CT43 -> 0 | CW43: =CS43+CU43 -> 0 | DB43: =CX43+CZ43 -> 0 | DC43: =CY43+DA43 -> 0 | DH43: =DD43+DF43 -> 0 | DI43: =DE43+DG43 -> 0 | DJ43: =AL43+AR43+AX43+BE43+BL43+BS43+BZ43+CF43+CL43+CR43+CX43+DD43 -> 0 | DK43: =AM43+AS43+AY43+BF43+BM43+BT43+CA43+CG43+CM43+CS43+CY43+DE43 -> 50000 | DL43: =AN43+AT43+BC43+BJ43+BQ43+BX43+CB43+CH43+CN43+CT43+CZ43+DF43 -> 13772 | DM43: =AO43+AU43+BA43+BH43+BO43+BV43+CC43+CI43+CO43+CU43+DA43+DG43 -> 16637.13 | DN43: =DJ43+DL43 -> 13772 | DO43: =DK43+DM43 -> 66637.13
A44: 36 | B44: ყვარელი | C44: P.2.1118 | D44: (25) ქ. ყვარელი, თამარ მეფის ქუჩის მიწისქვეშა დაბალი წნევის გაზსადენის რეაბილიტაცია 57.06.56.000.165-დან 57.06.51.000.122-მდე (P.2.1118) | E44: დაპროექტება | F44: =SUM(DN44) -> 0 | G44: =I44+AK44+DN44 -> 1172.5 | I44: 0 | J44: 0 | K44: =AK44 -> 1172.5 | L44: =IF(AI44>0,I44+AK44-J44,0) -> 1172.5 | M44: =I44+K44 -> 1172.5 | N44: =G44-M44 -> 0 | O44: =IF(AND(AI44>0,DM44>0),"შეცდომაა! ერთზე მეტი ბოლო ჩაბარება!",IF(OR(AI44>0,DM44>0,),IF(AI44>0,I44+AK44,I44+AK44+DO44),IF(AND(I44=0,K44=0,DO44=0),"ნულოვანი შესრულება","მიმდინარეობს"))) -> 1172.5 | Q44: 1172.5 | R44: =I44+P44 -> 0 | S44: =Q44 -> 1172.5 | X44: =T44+V44 -> 0 | Y44: =U44+W44 -> 0 | AD44: =Z44+AB44 -> 0 | AE44: =AA44+AC44 -> 0 | AF44: =P44+T44+Z44 -> 0 | AG44: =P44+U44+AA44 -> 0 | AH44: =Q44+V44+AB44 -> 1172.5 | AI44: =Q44+W44+AC44 -> 1172.5 | AJ44: =AF44+AH44 -> 1172.5 | AK44: =AG44+AI44 -> 1172.5 | AP44: =AL44+AN44 -> 0 | AQ44: =AM44+AO44 -> 0 | AV44: =AR44+AT44 -> 0 | AW44: =AS44+AU44 -> 0 | BB44: =AX44+AZ44 -> 0 | BD44: =AY44+BA44 -> 0 | BI44: =BE44+BG44 -> 0 | BK44: =BF44+BH44 -> 0 | BP44: =BL44+BN44 -> 0 | BR44: =BM44+BO44 -> 0 | BW44: =BS44+BU44 -> 0 | BY44: =BT44+BV44 -> 0 | CD44: =BZ44+CB44 -> 0 | CE44: =CA44+CC44 -> 0 | CJ44: =CF44+CH44 -> 0 | CK44: =CG44+CI44 -> 0 | CP44: =CL44+CN44 -> 0 | CQ44: =CM44+CO44 -> 0 | CV44: =CR44+CT44 -> 0 | CW44: =CS44+CU44 -> 0 | DB44: =CX44+CZ44 -> 0 | DC44: =CY44+DA44 -> 0 | DH44: =DD44+DF44 -> 0 | DI44: =DE44+DG44 -> 0 | DJ44: =AL44+AR44+AX44+BE44+BL44+BS44+BZ44+CF44+CL44+CR44+CX44+DD44 -> 0 | DK44: =AM44+AS44+AY44+BF44+BM44+BT44+CA44+CG44+CM44+CS44+CY44+DE44 -> 0 | DL44: =AN44+AT44+BC44+BJ44+BQ44+BX44+CB44+CH44+CN44+CT44+CZ44+DF44 -> 0 | DM44: =AO44+AU44+BA44+BH44+BO44+BV44+CC44+CI44+CO44+CU44+DA44+DG44 -> 0 | DN44: =DJ44+DL44 -> 0 | DO44: =DK44+DM44 -> 0
A45: 37 | B45: ყვარელი | C45: P.2.1120 | D45: (29) ქ. ყვარელი, ვაჟა-ფშაველას ქუჩის მიწისქვეშა დაბალი წნევის გაზსადენის რეაბილიტაცია 57.06.56.000.113-დან 57.06.51.000.599-მდე (P.2.1120) | E45: მშენებლობა | F45: =SUM(DN45) -> 23621 | G45: =I45+AK45+DN45 -> 138621 | H45: 90000 | I45: 0 | J45: 0 | K45: =AK45 -> 115000 | L45: =IF(AI45>0,I45+AK45-J45,0) -> 0 | M45: =I45+K45 -> 115000 | N45: =G45-M45 -> 23621 | O45: =IF(AND(AI45>0,DM45>0),"შეცდომაა! ერთზე მეტი ბოლო ჩაბარება!",IF(OR(AI45>0,DM45>0,),IF(AI45>0,I45+AK45,I45+AK45+DO45),IF(AND(I45=0,K45=0,DO45=0),"ნულოვანი შესრულება","მიმდინარეობს"))) -> 260916.87 | P45: 115000 | R45: =I45+P45 -> 115000 | S45: =Q45 -> 0 | X45: =T45+V45 -> 0 | Y45: =U45+W45 -> 0 | AD45: =Z45+AB45 -> 0 | AE45: =AA45+AC45 -> 0 | AF45: =P45+T45+Z45 -> 115000 | AG45: =P45+U45+AA45 -> 115000 | AH45: =Q45+V45+AB45 -> 0 | AI45: =Q45+W45+AC45 -> 0 | AJ45: =AF45+AH45 -> 115000 | AK45: =AG45+AI45 -> 115000 | AP45: =AL45+AN45 -> 0 | AQ45: =AM45+AO45 -> 0 | AS45: 140000 | AV45: =AR45+AT45 -> 0 | AW45: =AS45+AU45 -> 140000 | BB45: =AX45+AZ45 -> 0 | BD45: =AY45+BA45 -> 0 | BH45: 5916.87 | BI45: =BE45+BG45 -> 0 | BJ45: 23621 | BK45: =BF45+BH45 -> 5916.87 | BP45: =BL45+BN45 -> 0 | BR45: =BM45+BO45 -> 0 | BW45: =BS45+BU45 -> 0 | BY45: =BT45+BV45 -> 0 | CD45: =BZ45+CB45 -> 0 | CE45: =CA45+CC45 -> 0 | CJ45: =CF45+CH45 -> 0 | CK45: =CG45+CI45 -> 0 | CP45: =CL45+CN45 -> 0 | CQ45: =CM45+CO45 -> 0 | CV45: =CR45+CT45 -> 0 | CW45: =CS45+CU45 -> 0 | DB45: =CX45+CZ45 -> 0 | DC45: =CY45+DA45 -> 0 | DH45: =DD45+DF45 -> 0 | DI45: =DE45+DG45 -> 0 | DJ45: =AL45+AR45+AX45+BE45+BL45+BS45+BZ45+CF45+CL45+CR45+CX45+DD45 -> 0 | DK45: =AM45+AS45+AY45+BF45+BM45+BT45+CA45+CG45+CM45+CS45+CY45+DE45 -> 140000 | DL45: =AN45+AT45+BC45+BJ45+BQ45+BX45+CB45+CH45+CN45+CT45+CZ45+DF45 -> 23621 | DM45: =AO45+AU45+BA45+BH45+BO45+BV45+CC45+CI45+CO45+CU45+DA45+DG45 -> 5916.87 | DN45: =DJ45+DL45 -> 23621 | DO45: =DK45+DM45 -> 145916.87
A46: 38 | B46: ყვარელი | C46: P.2.1120 | D46: (29) ქ. ყვარელი, ვაჟა-ფშაველას ქუჩის მიწისქვეშა დაბალი წნევის გაზსადენის რეაბილიტაცია 57.06.56.000.113-დან 57.06.51.000.599-მდე (P.2.1120) | E46: დაპროექტება | F46: =SUM(DN46) -> 0 | G46: =I46+AK46+DN46 -> 2957.5 | I46: 0 | J46: 0 | K46: =AK46 -> 2957.5 | L46: =IF(AI46>0,I46+AK46-J46,0) -> 2957.5 | M46: =I46+K46 -> 2957.5 | N46: =G46-M46 -> 0 | O46: =IF(AND(AI46>0,DM46>0),"შეცდომაა! ერთზე მეტი ბოლო ჩაბარება!",IF(OR(AI46>0,DM46>0,),IF(AI46>0,I46+AK46,I46+AK46+DO46),IF(AND(I46=0,K46=0,DO46=0),"ნულოვანი შესრულება","მიმდინარეობს"))) -> 2957.5 | Q46: 2957.5 | R46: =I46+P46 -> 0 | S46: =Q46 -> 2957.5 | X46: =T46+V46 -> 0 | Y46: =U46+W46 -> 0 | AD46: =Z46+AB46 -> 0 | AE46: =AA46+AC46 -> 0 | AF46: =P46+T46+Z46 -> 0 | AG46: =P46+U46+AA46 -> 0 | AH46: =Q46+V46+AB46 -> 2957.5 | AI46: =Q46+W46+AC46 -> 2957.5 | AJ46: =AF46+AH46 -> 2957.5 | AK46: =AG46+AI46 -> 2957.5 | AP46: =AL46+AN46 -> 0 | AQ46: =AM46+AO46 -> 0 | AV46: =AR46+AT46 -> 0 | AW46: =AS46+AU46 -> 0 | BB46: =AX46+AZ46 -> 0 | BD46: =AY46+BA46 -> 0 | BI46: =BE46+BG46 -> 0 | BK46: =BF46+BH46 -> 0 | BP46: =BL46+BN46 -> 0 | BR46: =BM46+BO46 -> 0 | BW46: =BS46+BU46 -> 0 | BY46: =BT46+BV46 -> 0 | CD46: =BZ46+CB46 -> 0 | CE46: =CA46+CC46 -> 0 | CJ46: =CF46+CH46 -> 0 | CK46: =CG46+CI46 -> 0 | CP46: =CL46+CN46 -> 0 | CQ46: =CM46+CO46 -> 0 | CV46: =CR46+CT46 -> 0 | CW46: =CS46+CU46 -> 0 | DB46: =CX46+CZ46 -> 0 | DC46: =CY46+DA46 -> 0 | DH46: =DD46+DF46 -> 0 | DI46: =DE46+DG46 -> 0 | DJ46: =AL46+AR46+AX46+BE46+BL46+BS46+BZ46+CF46+CL46+CR46+CX46+DD46 -> 0 | DK46: =AM46+AS46+AY46+BF46+BM46+BT46+CA46+CG46+CM46+CS46+CY46+DE46 -> 0 | DL46: =AN46+AT46+BC46+BJ46+BQ46+BX46+CB46+CH46+CN46+CT46+CZ46+DF46 -> 0 | DM46: =AO46+AU46+BA46+BH46+BO46+BV46+CC46+CI46+CO46+CU46+DA46+DG46 -> 0 | DN46: =DJ46+DL46 -> 0 | DO46: =DK46+DM46 -> 0
A47: 39 | B47: ყვარელი | C47: P.2.108 | D47: (32) ქ. ყვარელი ყაზბეგის ქუჩის მიწისქვეშა დაბალი წნევის გაზსადენის რეაბილიტაცია 57. 06. 55. 024-დან 57. 06. 55. 024-მდე (P.2.108) | E47: მშენებლობა | F47: =SUM(DN47) -> 100000 | G47: =I47+AK47+DN47 -> 100000 | H47: 75000 | I47: 0 | J47: 0 | K47: =AK47 -> 0 | L47: =IF(AI47>0,I47+AK47-J47,0) -> 0 | M47: =I47+K47 -> 0 | N47: =G47-M47 -> 100000 | O47: =IF(AND(AI47>0,DM47>0),"შეცდომაა! ერთზე მეტი ბოლო ჩაბარება!",IF(OR(AI47>0,DM47>0,),IF(AI47>0,I47+AK47,I47+AK47+DO47),IF(AND(I47=0,K47=0,DO47=0),"ნულოვანი შესრულება","მიმდინარეობს"))) -> ნულოვანი შესრულება | R47: =I47+P47 -> 0 | S47: =Q47 -> 0 | X47: =T47+V47 -> 0 | Y47: =U47+W47 -> 0 | AD47: =Z47+AB47 -> 0 | AE47: =AA47+AC47 -> 0 | AF47: =P47+T47+Z47 -> 0 | AG47: =P47+U47+AA47 -> 0 | AH47: =Q47+V47+AB47 -> 0 | AI47: =Q47+W47+AC47 -> 0 | AJ47: =AF47+AH47 -> 0 | AK47: =AG47+AI47 -> 0 | AP47: =AL47+AN47 -> 0 | AQ47: =AM47+AO47 -> 0 | AV47: =AR47+AT47 -> 0 | AW47: =AS47+AU47 -> 0 | AX47: 100000 | BB47: =AX47+AZ47 -> 100000 | BD47: =AY47+BA47 -> 0 | BG47: 20000 | BI47: =BE47+BG47 -> 20000 | BK47: =BF47+BH47 -> 0 | BP47: =BL47+BN47 -> 0 | BR47: =BM47+BO47 -> 0 | BW47: =BS47+BU47 -> 0 | BY47: =BT47+BV47 -> 0 | CD47: =BZ47+CB47 -> 0 | CE47: =CA47+CC47 -> 0 | CJ47: =CF47+CH47 -> 0 | CK47: =CG47+CI47 -> 0 | CP47: =CL47+CN47 -> 0 | CQ47: =CM47+CO47 -> 0 | CV47: =CR47+CT47 -> 0 | CW47: =CS47+CU47 -> 0 | DB47: =CX47+CZ47 -> 0 | DC47: =CY47+DA47 -> 0 | DH47: =DD47+DF47 -> 0 | DI47: =DE47+DG47 -> 0 | DJ47: =AL47+AR47+AX47+BE47+BL47+BS47+BZ47+CF47+CL47+CR47+CX47+DD47 -> 100000 | DK47: =AM47+AS47+AY47+BF47+BM47+BT47+CA47+CG47+CM47+CS47+CY47+DE47 -> 0 | DL47: =AN47+AT47+BC47+BJ47+BQ47+BX47+CB47+CH47+CN47+CT47+CZ47+DF47 -> 0 | DM47: =AO47+AU47+BA47+BH47+BO47+BV47+CC47+CI47+CO47+CU47+DA47+DG47 -> 0 | DN47: =DJ47+DL47 -> 100000 | DO47: =DK47+DM47 -> 0
A48: 40 | B48: ყვარელი | C48: P.2.108 | D48: (32) ქ. ყვარელი ყაზბეგის ქუჩის მიწისქვეშა დაბალი წნევის გაზსადენის რეაბილიტაცია 57. 06. 55. 024-დან 57. 06. 55. 024-მდე (P.2.108) | E48: დაპროექტება | F48: =SUM(DN48) -> 0 | G48: =I48+AK48+DN48 -> 2443 | I48: 0 | J48: 0 | K48: =AK48 -> 2443 | L48: =IF(AI48>0,I48+AK48-J48,0) -> 2443 | M48: =I48+K48 -> 2443 | N48: =G48-M48 -> 0 | O48: =IF(AND(AI48>0,DM48>0),"შეცდომაა! ერთზე მეტი ბოლო ჩაბარება!",IF(OR(AI48>0,DM48>0,),IF(AI48>0,I48+AK48,I48+AK48+DO48),IF(AND(I48=0,K48=0,DO48=0),"ნულოვანი შესრულება","მიმდინარეობს"))) -> 2443 | Q48: 2443 | R48: =I48+P48 -> 0 | S48: =Q48 -> 2443 | X48: =T48+V48 -> 0 | Y48: =U48+W48 -> 0 | AD48: =Z48+AB48 -> 0 | AE48: =AA48+AC48 -> 0 | AF48: =P48+T48+Z48 -> 0 | AG48: =P48+U48+AA48 -> 0 | AH48: =Q48+V48+AB48 -> 2443 | AI48: =Q48+W48+AC48 -> 2443 | AJ48: =AF48+AH48 -> 2443 | AK48: =AG48+AI48 -> 2443 | AP48: =AL48+AN48 -> 0 | AQ48: =AM48+AO48 -> 0 | AV48: =AR48+AT48 -> 0 | AW48: =AS48+AU48 -> 0 | BB48: =AX48+AZ48 -> 0 | BD48: =AY48+BA48 -> 0 | BI48: =BE48+BG48 -> 0 | BK48: =BF48+BH48 -> 0 | BP48: =BL48+BN48 -> 0 | BR48: =BM48+BO48 -> 0 | BW48: =BS48+BU48 -> 0 | BY48: =BT48+BV48 -> 0 | CD48: =BZ48+CB48 -> 0 | CE48: =CA48+CC48 -> 0 | CJ48: =CF48+CH48 -> 0 | CK48: =CG48+CI48 -> 0 | CP48: =CL48+CN48 -> 0 | CQ48: =CM48+CO48 -> 0 | CV48: =CR48+CT48 -> 0 | CW48: =CS48+CU48 -> 0 | DB48: =CX48+CZ48 -> 0 | DC48: =CY48+DA48 -> 0 | DH48: =DD48+DF48 -> 0 | DI48: =DE48+DG48 -> 0 | DJ48: =AL48+AR48+AX48+BE48+BL48+BS48+BZ48+CF48+CL48+CR48+CX48+DD48 -> 0 | DK48: =AM48+AS48+AY48+BF48+BM48+BT48+CA48+CG48+CM48+CS48+CY48+DE48 -> 0 | DL48: =AN48+AT48+BC48+BJ48+BQ48+BX48+CB48+CH48+CN48+CT48+CZ48+DF48 -> 0 | DM48: =AO48+AU48+BA48+BH48+BO48+BV48+CC48+CI48+CO48+CU48+DA48+DG48 -> 0 | DN48: =DJ48+DL48 -> 0 | DO48: =DK48+DM48 -> 0
A49: 41 | B49: ყვარელი | C49: P.2.109 | D49: (28) ქ. ყვარელი შტეინის ქუჩის მიწისქვეშა დაბალი წნევის გაზსადენის რეაბილიტაცია 57. 06. 52. 115-დან 57. 06. 52. 133-მდე (P.2.109) | E49: მშენებლობა | F49: =SUM(DN49) -> 100000 | G49: =I49+AK49+DN49 -> 100000 | H49: 90000 | I49: 0 | J49: 0 | K49: =AK49 -> 0 | L49: =IF(AI49>0,I49+AK49-J49,0) -> 0 | M49: =I49+K49 -> 0 | N49: =G49-M49 -> 100000 | O49: =IF(AND(AI49>0,DM49>0),"შეცდომაა! ერთზე მეტი ბოლო ჩაბარება!",IF(OR(AI49>0,DM49>0,),IF(AI49>0,I49+AK49,I49+AK49+DO49),IF(AND(I49=0,K49=0,DO49=0),"ნულოვანი შესრულება","მიმდინარეობს"))) -> ნულოვანი შესრულება | R49: =I49+P49 -> 0 | S49: =Q49 -> 0 | X49: =T49+V49 -> 0 | Y49: =U49+W49 -> 0 | AD49: =Z49+AB49 -> 0 | AE49: =AA49+AC49 -> 0 | AF49: =P49+T49+Z49 -> 0 | AG49: =P49+U49+AA49 -> 0 | AH49: =Q49+V49+AB49 -> 0 | AI49: =Q49+W49+AC49 -> 0 | AJ49: =AF49+AH49 -> 0 | AK49: =AG49+AI49 -> 0 | AP49: =AL49+AN49 -> 0 | AQ49: =AM49+AO49 -> 0 | AV49: =AR49+AT49 -> 0 | AW49: =AS49+AU49 -> 0 | AX49: 100000 | BB49: =AX49+AZ49 -> 100000 | BD49: =AY49+BA49 -> 0 | BG49: 20000 | BI49: =BE49+BG49 -> 20000 | BK49: =BF49+BH49 -> 0 | BP49: =BL49+BN49 -> 0 | BR49: =BM49+BO49 -> 0 | BW49: =BS49+BU49 -> 0 | BY49: =BT49+BV49 -> 0 | CD49: =BZ49+CB49 -> 0 | CE49: =CA49+CC49 -> 0 | CJ49: =CF49+CH49 -> 0 | CK49: =CG49+CI49 -> 0 | CP49: =CL49+CN49 -> 0 | CQ49: =CM49+CO49 -> 0 | CV49: =CR49+CT49 -> 0 | CW49: =CS49+CU49 -> 0 | DB49: =CX49+CZ49 -> 0 | DC49: =CY49+DA49 -> 0 | DH49: =DD49+DF49 -> 0 | DI49: =DE49+DG49 -> 0 | DJ49: =AL49+AR49+AX49+BE49+BL49+BS49+BZ49+CF49+CL49+CR49+CX49+DD49 -> 100000 | DK49: =AM49+AS49+AY49+BF49+BM49+BT49+CA49+CG49+CM49+CS49+CY49+DE49 -> 0 | DL49: =AN49+AT49+BC49+BJ49+BQ49+BX49+CB49+CH49+CN49+CT49+CZ49+DF49 -> 0 | DM49: =AO49+AU49+BA49+BH49+BO49+BV49+CC49+CI49+CO49+CU49+DA49+DG49 -> 0 | DN49: =DJ49+DL49 -> 100000 | DO49: =DK49+DM49 -> 0
A50: 42 | B50: დედოფლისწყარო | C50: P.2.550 | D50: (33) ქ. დედოფლისწყარო-მთისა,გურამიშვილის და წერეთლის ქუჩები გაზსადენის რეაბილიტაცია (P.2.550) | E50: მშენებლობა | F50: =SUM(DN50) -> 140000 | G50: =I50+AK50+DN50 -> 140000 | H50: 70000 | I50: 0 | J50: 0 | K50: =AK50 -> 0 | L50: =IF(AI50>0,I50+AK50-J50,0) -> 0 | M50: =I50+K50 -> 0 | N50: =G50-M50 -> 140000 | O50: =IF(AND(AI50>0,DM50>0),"შეცდომაა! ერთზე მეტი ბოლო ჩაბარება!",IF(OR(AI50>0,DM50>0,),IF(AI50>0,I50+AK50,I50+AK50+DO50),IF(AND(I50=0,K50=0,DO50=0),"ნულოვანი შესრულება","მიმდინარეობს"))) -> ნულოვანი შესრულება | R50: =I50+P50 -> 0 | S50: =Q50 -> 0 | X50: =T50+V50 -> 0 | Y50: =U50+W50 -> 0 | AD50: =Z50+AB50 -> 0 | AE50: =AA50+AC50 -> 0 | AF50: =P50+T50+Z50 -> 0 | AG50: =P50+U50+AA50 -> 0 | AH50: =Q50+V50+AB50 -> 0 | AI50: =Q50+W50+AC50 -> 0 | AJ50: =AF50+AH50 -> 0 | AK50: =AG50+AI50 -> 0 | AP50: =AL50+AN50 -> 0 | AQ50: =AM50+AO50 -> 0 | AV50: =AR50+AT50 -> 0 | AW50: =AS50+AU50 -> 0 | AX50: 100000 | BB50: =AX50+AZ50 -> 100000 | BD50: =AY50+BA50 -> 0 | BE50: 40000 | BI50: =BE50+BG50 -> 40000 | BK50: =BF50+BH50 -> 0 | BN50: 10000 | BP50: =BL50+BN50 -> 10000 | BR50: =BM50+BO50 -> 0 | BW50: =BS50+BU50 -> 0 | BY50: =BT50+BV50 -> 0 | CD50: =BZ50+CB50 -> 0 | CE50: =CA50+CC50 -> 0 | CJ50: =CF50+CH50 -> 0 | CK50: =CG50+CI50 -> 0 | CP50: =CL50+CN50 -> 0 | CQ50: =CM50+CO50 -> 0 | CV50: =CR50+CT50 -> 0 | CW50: =CS50+CU50 -> 0 | DB50: =CX50+CZ50 -> 0 | DC50: =CY50+DA50 -> 0 | DH50: =DD50+DF50 -> 0 | DI50: =DE50+DG50 -> 0 | DJ50: =AL50+AR50+AX50+BE50+BL50+BS50+BZ50+CF50+CL50+CR50+CX50+DD50 -> 140000 | DK50: =AM50+AS50+AY50+BF50+BM50+BT50+CA50+CG50+CM50+CS50+CY50+DE50 -> 0 | DL50: =AN50+AT50+BC50+BJ50+BQ50+BX50+CB50+CH50+CN50+CT50+CZ50+DF50 -> 0 | DM50: =AO50+AU50+BA50+BH50+BO50+BV50+CC50+CI50+CO50+CU50+DA50+DG50 -> 0 | DN50: =DJ50+DL50 -> 140000 | DO50: =DK50+DM50 -> 0
A51: 43 | B51: გურჯაანი | C51: P.2.861 | D51: (36) მე-14 საუბნო კვანძზე (ფიროს უბანი, ადვიოკატი ნოდარის უბანი) საშუალო წნევის გაზსადენის რეაბილიტაცია. (P.2.861) | E51: მშენებლობა | F51: =SUM(DN51) -> 0 | G51: =I51+AK51+DN51 -> 0 | H51: 65000 | I51: 0 | J51: 0 | K51: =AK51 -> 0 | L51: =IF(AI51>0,I51+AK51-J51,0) -> 0 | M51: =I51+K51 -> 0 | N51: =G51-M51 -> 0 | O51: =IF(AND(AI51>0,DM51>0),"შეცდომაა! ერთზე მეტი ბოლო ჩაბარება!",IF(OR(AI51>0,DM51>0,),IF(AI51>0,I51+AK51,I51+AK51+DO51),IF(AND(I51=0,K51=0,DO51=0),"ნულოვანი შესრულება","მიმდინარეობს"))) -> ნულოვანი შესრულება | R51: =I51+P51 -> 0 | S51: =Q51 -> 0 | X51: =T51+V51 -> 0 | Y51: =U51+W51 -> 0 | AD51: =Z51+AB51 -> 0 | AE51: =AA51+AC51 -> 0 | AF51: =P51+T51+Z51 -> 0 | AG51: =P51+U51+AA51 -> 0 | AH51: =Q51+V51+AB51 -> 0 | AI51: =Q51+W51+AC51 -> 0 | AJ51: =AF51+AH51 -> 0 | AK51: =AG51+AI51 -> 0 | AP51: =AL51+AN51 -> 0 | AQ51: =AM51+AO51 -> 0 | AV51: =AR51+AT51 -> 0 | AW51: =AS51+AU51 -> 0 | BB51: =AX51+AZ51 -> 0 | BD51: =AY51+BA51 -> 0 | BI51: =BE51+BG51 -> 0 | BK51: =BF51+BH51 -> 0 | BP51: =BL51+BN51 -> 0 | BR51: =BM51+BO51 -> 0 | BW51: =BS51+BU51 -> 0 | BY51: =BT51+BV51 -> 0 | CD51: =BZ51+CB51 -> 0 | CE51: =CA51+CC51 -> 0 | CJ51: =CF51+CH51 -> 0 | CK51: =CG51+CI51 -> 0 | CP51: =CL51+CN51 -> 0 | CQ51: =CM51+CO51 -> 0 | CV51: =CR51+CT51 -> 0 | CW51: =CS51+CU51 -> 0 | DB51: =CX51+CZ51 -> 0 | DC51: =CY51+DA51 -> 0 | DH51: =DD51+DF51 -> 0 | DI51: =DE51+DG51 -> 0 | DJ51: =AL51+AR51+AX51+BE51+BL51+BS51+BZ51+CF51+CL51+CR51+CX51+DD51 -> 0 | DK51: =AM51+AS51+AY51+BF51+BM51+BT51+CA51+CG51+CM51+CS51+CY51+DE51 -> 0 | DL51: =AN51+AT51+BC51+BJ51+BQ51+BX51+CB51+CH51+CN51+CT51+CZ51+DF51 -> 0 | DM51: =AO51+AU51+BA51+BH51+BO51+BV51+CC51+CI51+CO51+CU51+DA51+DG51 -> 0 | DN51: =DJ51+DL51 -> 0 | DO51: =DK51+DM51 -> 0
A52: 44 | B52: საგარეჯო | C52: P.2.975 | D52: (9) საგარეჯო, საშულო წნევის 999 გერეესის კანარგოს მიმართულება, გამავალი ფოლადის საჰაერო გაზსადენისა და საყრდენების შეღებვა (P.2.975) | E52: მშენებლობა | F52: =SUM(DN52) -> 114377 | G52: =I52+AK52+DN52 -> 234377 | H52: 190000 | I52: 0 | J52: 0 | K52: =AK52 -> 120000 | L52: =IF(AI52>0,I52+AK52-J52,0) -> 0 | M52: =I52+K52 -> 120000 | N52: =G52-M52 -> 114377 | O52: =IF(AND(AI52>0,DM52>0),"შეცდომაა! ერთზე მეტი ბოლო ჩაბარება!",IF(OR(AI52>0,DM52>0,),IF(AI52>0,I52+AK52,I52+AK52+DO52),IF(AND(I52=0,K52=0,DO52=0),"ნულოვანი შესრულება","მიმდინარეობს"))) -> მიმდინარეობს | P52: 120000 | R52: =I52+P52 -> 120000 | S52: =Q52 -> 0 | X52: =T52+V52 -> 0 | Y52: =U52+W52 -> 0 | AD52: =Z52+AB52 -> 0 | AE52: =AA52+AC52 -> 0 | AF52: =P52+T52+Z52 -> 120000 | AG52: =P52+U52+AA52 -> 120000 | AH52: =Q52+V52+AB52 -> 0 | AI52: =Q52+W52+AC52 -> 0 | AJ52: =AF52+AH52 -> 120000 | AK52: =AG52+AI52 -> 120000 | AP52: =AL52+AN52 -> 0 | AQ52: =AM52+AO52 -> 0 | AV52: =AR52+AT52 -> 0 | AW52: =AS52+AU52 -> 0 | AY52: 50000 | BB52: =AX52+AZ52 -> 0 | BC52: 50000 | BD52: =AY52+BA52 -> 50000 | BF52: 10000 | BI52: =BE52+BG52 -> 0 | BJ52: 10000 | BK52: =BF52+BH52 -> 10000 | BM52: 50000 | BP52: =BL52+BN52 -> 0 | BQ52: 50000 | BR52: =BM52+BO52 -> 50000 | BU52: 5000 | BW52: =BS52+BU52 -> 5000 | BX52: 4377 | BY52: =BT52+BV52 -> 0 | CD52: =BZ52+CB52 -> 0 | CE52: =CA52+CC52 -> 0 | CJ52: =CF52+CH52 -> 0 | CK52: =CG52+CI52 -> 0 | CP52: =CL52+CN52 -> 0 | CQ52: =CM52+CO52 -> 0 | CV52: =CR52+CT52 -> 0 | CW52: =CS52+CU52 -> 0 | DB52: =CX52+CZ52 -> 0 | DC52: =CY52+DA52 -> 0 | DH52: =DD52+DF52 -> 0 | DI52: =DE52+DG52 -> 0 | DJ52: =AL52+AR52+AX52+BE52+BL52+BS52+BZ52+CF52+CL52+CR52+CX52+DD52 -> 0 | DK52: =AM52+AS52+AY52+BF52+BM52+BT52+CA52+CG52+CM52+CS52+CY52+DE52 -> 110000 | DL52: =AN52+AT52+BC52+BJ52+BQ52+BX52+CB52+CH52+CN52+CT52+CZ52+DF52 -> 114377 | DM52: =AO52+AU52+BA52+BH52+BO52+BV52+CC52+CI52+CO52+CU52+DA52+DG52 -> 0 | DN52: =DJ52+DL52 -> 114377 | DO52: =DK52+DM52 -> 110000
A53: 45 | B53: დედოფლისწყარო | C53: P.2.551 | D53: (14) საშუალო წნევა ზემო მაჩხაანი, აროშიკი ქ. დედოფლისწყარო საჰაერო გაზსადენის შეღებვა (P.2.551) | E53: მშენებლობა | F53: =SUM(DN53) -> 112372 | G53: =I53+AK53+DN53 -> 212372 | H53: 170000 | I53: 0 | J53: 0 | K53: =AK53 -> 100000 | L53: =IF(AI53>0,I53+AK53-J53,0) -> 0 | M53: =I53+K53 -> 100000 | N53: =G53-M53 -> 112372 | O53: =IF(AND(AI53>0,DM53>0),"შეცდომაა! ერთზე მეტი ბოლო ჩაბარება!",IF(OR(AI53>0,DM53>0,),IF(AI53>0,I53+AK53,I53+AK53+DO53),IF(AND(I53=0,K53=0,DO53=0),"ნულოვანი შესრულება","მიმდინარეობს"))) -> 264812.69 | P53: 100000 | R53: =I53+P53 -> 100000 | S53: =Q53 -> 0 | X53: =T53+V53 -> 0 | Y53: =U53+W53 -> 0 | AD53: =Z53+AB53 -> 0 | AE53: =AA53+AC53 -> 0 | AF53: =P53+T53+Z53 -> 100000 | AG53: =P53+U53+AA53 -> 100000 | AH53: =Q53+V53+AB53 -> 0 | AI53: =Q53+W53+AC53 -> 0 | AJ53: =AF53+AH53 -> 100000 | AK53: =AG53+AI53 -> 100000 | AP53: =AL53+AN53 -> 0 | AQ53: =AM53+AO53 -> 0 | AV53: =AR53+AT53 -> 0 | AW53: =AS53+AU53 -> 0 | AY53: 70000 | BB53: =AX53+AZ53 -> 0 | BC53: 70000 | BD53: =AY53+BA53 -> 70000 | BF53: 30000 | BI53: =BE53+BG53 -> 0 | BJ53: 30000 | BK53: =BF53+BH53 -> 30000 | BM53: 12000 | BP53: =BL53+BN53 -> 0 | BQ53: 12372 | BR53: =BM53+BO53 -> 12000 | BW53: =BS53+BU53 -> 0 | BY53: =BT53+BV53 -> 0 | CD53: =BZ53+CB53 -> 0 | CE53: =CA53+CC53 -> 0 | CJ53: =CF53+CH53 -> 0 | CK53: =CG53+CI53 -> 0 | CP53: =CL53+CN53 -> 0 | CQ53: =CM53+CO53 -> 0 | CV53: =CR53+CT53 -> 0 | CW53: =CS53+CU53 -> 0 | DA53: 52812.69 | DB53: =CX53+CZ53 -> 0 | DC53: =CY53+DA53 -> 52812.69 | DH53: =DD53+DF53 -> 0 | DI53: =DE53+DG53 -> 0 | DJ53: =AL53+AR53+AX53+BE53+BL53+BS53+BZ53+CF53+CL53+CR53+CX53+DD53 -> 0 | DK53: =AM53+AS53+AY53+BF53+BM53+BT53+CA53+CG53+CM53+CS53+CY53+DE53 -> 112000 | DL53: =AN53+AT53+BC53+BJ53+BQ53+BX53+CB53+CH53+CN53+CT53+CZ53+DF53 -> 112372 | DM53: =AO53+AU53+BA53+BH53+BO53+BV53+CC53+CI53+CO53+CU53+DA53+DG53 -> 52812.69 | DN53: =DJ53+DL53 -> 112372 | DO53: =DK53+DM53 -> 164812.69
A54: 46 | B54: სიღნაღი | C54: P.2.799 | D54: (15) გაზსადენების შეღებვა სხვადასხვა მისამართებზე (P.2.799) | E54: მშენებლობა | F54: =SUM(DN54) -> 110629 | G54: =I54+AK54+DN54 -> 210629 | H54: 170000 | I54: 0 | J54: 0 | K54: =AK54 -> 100000 | L54: =IF(AI54>0,I54+AK54-J54,0) -> 0 | M54: =I54+K54 -> 100000 | N54: =G54-M54 -> 110629 | O54: =IF(AND(AI54>0,DM54>0),"შეცდომაა! ერთზე მეტი ბოლო ჩაბარება!",IF(OR(AI54>0,DM54>0,),IF(AI54>0,I54+AK54,I54+AK54+DO54),IF(AND(I54=0,K54=0,DO54=0),"ნულოვანი შესრულება","მიმდინარეობს"))) -> 263037.62 | P54: 100000 | R54: =I54+P54 -> 100000 | S54: =Q54 -> 0 | X54: =T54+V54 -> 0 | Y54: =U54+W54 -> 0 | AD54: =Z54+AB54 -> 0 | AE54: =AA54+AC54 -> 0 | AF54: =P54+T54+Z54 -> 100000 | AG54: =P54+U54+AA54 -> 100000 | AH54: =Q54+V54+AB54 -> 0 | AI54: =Q54+W54+AC54 -> 0 | AJ54: =AF54+AH54 -> 100000 | AK54: =AG54+AI54 -> 100000 | AP54: =AL54+AN54 -> 0 | AQ54: =AM54+AO54 -> 0 | AV54: =AR54+AT54 -> 0 | AW54: =AS54+AU54 -> 0 | BB54: =AX54+AZ54 -> 0 | BC54: 0 | BD54: =AY54+BA54 -> 0 | BI54: =BE54+BG54 -> 0 | BK54: =BF54+BH54 -> 0 | BM54: 56000 | BP54: =BL54+BN54 -> 0 | BQ54: 56000 | BR54: =BM54+BO54 -> 56000 | BT54: 50000 | BU54: 10000 | BW54: =BS54+BU54 -> 10000 | BX54: 54629 | BY54: =BT54+BV54 -> 50000 | CD54: =BZ54+CB54 -> 0 | CE54: =CA54+CC54 -> 0 | CJ54: =CF54+CH54 -> 0 | CK54: =CG54+CI54 -> 0 | CP54: =CL54+CN54 -> 0 | CQ54: =CM54+CO54 -> 0 | CV54: =CR54+CT54 -> 0 | CW54: =CS54+CU54 -> 0 | DA54: 57037.62 | DB54: =CX54+CZ54 -> 0 | DC54: =CY54+DA54 -> 57037.62 | DH54: =DD54+DF54 -> 0 | DI54: =DE54+DG54 -> 0 | DJ54: =AL54+AR54+AX54+BE54+BL54+BS54+BZ54+CF54+CL54+CR54+CX54+DD54 -> 0 | DK54: =AM54+AS54+AY54+BF54+BM54+BT54+CA54+CG54+CM54+CS54+CY54+DE54 -> 106000 | DL54: =AN54+AT54+BC54+BJ54+BQ54+BX54+CB54+CH54+CN54+CT54+CZ54+DF54 -> 110629 | DM54: =AO54+AU54+BA54+BH54+BO54+BV54+CC54+CI54+CO54+CU54+DA54+DG54 -> 57037.62 | DN54: =DJ54+DL54 -> 110629 | DO54: =DK54+DM54 -> 163037.62
A55: 47 | B55: სიღნაღი | C55: P.2.778 | D55: (41) სოფ. საქობო მხატვარი იურას უბნის რეაბილიტაცია (P.2.778) | E55: მშენებლობა | F55: =SUM(DN55) -> 0 | G55: =I55+AK55+DN55 -> 0 | H55: 50000 | I55: 0 | J55: 0 | K55: =AK55 -> 0 | L55: =IF(AI55>0,I55+AK55-J55,0) -> 0 | M55: =I55+K55 -> 0 | N55: =G55-M55 -> 0 | O55: =IF(AND(AI55>0,DM55>0),"შეცდომაა! ერთზე მეტი ბოლო ჩაბარება!",IF(OR(AI55>0,DM55>0,),IF(AI55>0,I55+AK55,I55+AK55+DO55),IF(AND(I55=0,K55=0,DO55=0),"ნულოვანი შესრულება","მიმდინარეობს"))) -> ნულოვანი შესრულება | R55: =I55+P55 -> 0 | S55: =Q55 -> 0 | X55: =T55+V55 -> 0 | Y55: =U55+W55 -> 0 | AD55: =Z55+AB55 -> 0 | AE55: =AA55+AC55 -> 0 | AF55: =P55+T55+Z55 -> 0 | AG55: =P55+U55+AA55 -> 0 | AH55: =Q55+V55+AB55 -> 0 | AI55: =Q55+W55+AC55 -> 0 | AJ55: =AF55+AH55 -> 0 | AK55: =AG55+AI55 -> 0 | AP55: =AL55+AN55 -> 0 | AQ55: =AM55+AO55 -> 0 | AV55: =AR55+AT55 -> 0 | AW55: =AS55+AU55 -> 0 | BB55: =AX55+AZ55 -> 0 | BD55: =AY55+BA55 -> 0 | BI55: =BE55+BG55 -> 0 | BK55: =BF55+BH55 -> 0 | BP55: =BL55+BN55 -> 0 | BR55: =BM55+BO55 -> 0 | BW55: =BS55+BU55 -> 0 | BY55: =BT55+BV55 -> 0 | CD55: =BZ55+CB55 -> 0 | CE55: =CA55+CC55 -> 0 | CJ55: =CF55+CH55 -> 0 | CK55: =CG55+CI55 -> 0 | CP55: =CL55+CN55 -> 0 | CQ55: =CM55+CO55 -> 0 | CV55: =CR55+CT55 -> 0 | CW55: =CS55+CU55 -> 0 | DB55: =CX55+CZ55 -> 0 | DC55: =CY55+DA55 -> 0 | DH55: =DD55+DF55 -> 0 | DI55: =DE55+DG55 -> 0 | DJ55: =AL55+AR55+AX55+BE55+BL55+BS55+BZ55+CF55+CL55+CR55+CX55+DD55 -> 0 | DK55: =AM55+AS55+AY55+BF55+BM55+BT55+CA55+CG55+CM55+CS55+CY55+DE55 -> 0 | DL55: =AN55+AT55+BC55+BJ55+BQ55+BX55+CB55+CH55+CN55+CT55+CZ55+DF55 -> 0 | DM55: =AO55+AU55+BA55+BH55+BO55+BV55+CC55+CI55+CO55+CU55+DA55+DG55 -> 0 | DN55: =DJ55+DL55 -> 0 | DO55: =DK55+DM55 -> 0
A56: 48 | B56: დედოფლისწყარო | C56: P.2.991 | D56: (47) ქ. დედოფლისწყარო-ბარათაშვილის ქუჩა გაზსადენის რეაბილიტაცია (P.2.991) | E56: მშენებლობა | F56: =SUM(DN56) -> 0 | G56: =I56+AK56+DN56 -> 0 | H56: 35000 | I56: 0 | J56: 0 | K56: =AK56 -> 0 | L56: =IF(AI56>0,I56+AK56-J56,0) -> 0 | M56: =I56+K56 -> 0 | N56: =G56-M56 -> 0 | O56: =IF(AND(AI56>0,DM56>0),"შეცდომაა! ერთზე მეტი ბოლო ჩაბარება!",IF(OR(AI56>0,DM56>0,),IF(AI56>0,I56+AK56,I56+AK56+DO56),IF(AND(I56=0,K56=0,DO56=0),"ნულოვანი შესრულება","მიმდინარეობს"))) -> ნულოვანი შესრულება | R56: =I56+P56 -> 0 | S56: =Q56 -> 0 | X56: =T56+V56 -> 0 | Y56: =U56+W56 -> 0 | AD56: =Z56+AB56 -> 0 | AE56: =AA56+AC56 -> 0 | AF56: =P56+T56+Z56 -> 0 | AG56: =P56+U56+AA56 -> 0 | AH56: =Q56+V56+AB56 -> 0 | AI56: =Q56+W56+AC56 -> 0 | AJ56: =AF56+AH56 -> 0 | AK56: =AG56+AI56 -> 0 | AP56: =AL56+AN56 -> 0 | AQ56: =AM56+AO56 -> 0 | AV56: =AR56+AT56 -> 0 | AW56: =AS56+AU56 -> 0 | BB56: =AX56+AZ56 -> 0 | BD56: =AY56+BA56 -> 0 | BI56: =BE56+BG56 -> 0 | BK56: =BF56+BH56 -> 0 | BP56: =BL56+BN56 -> 0 | BR56: =BM56+BO56 -> 0 | BW56: =BS56+BU56 -> 0 | BY56: =BT56+BV56 -> 0 | CD56: =BZ56+CB56 -> 0 | CE56: =CA56+CC56 -> 0 | CJ56: =CF56+CH56 -> 0 | CK56: =CG56+CI56 -> 0 | CP56: =CL56+CN56 -> 0 | CQ56: =CM56+CO56 -> 0 | CV56: =CR56+CT56 -> 0 | CW56: =CS56+CU56 -> 0 | DB56: =CX56+CZ56 -> 0 | DC56: =CY56+DA56 -> 0 | DH56: =DD56+DF56 -> 0 | DI56: =DE56+DG56 -> 0 | DJ56: =AL56+AR56+AX56+BE56+BL56+BS56+BZ56+CF56+CL56+CR56+CX56+DD56 -> 0 | DK56: =AM56+AS56+AY56+BF56+BM56+BT56+CA56+CG56+CM56+CS56+CY56+DE56 -> 0 | DL56: =AN56+AT56+BC56+BJ56+BQ56+BX56+CB56+CH56+CN56+CT56+CZ56+DF56 -> 0 | DM56: =AO56+AU56+BA56+BH56+BO56+BV56+CC56+CI56+CO56+CU56+DA56+DG56 -> 0 | DN56: =DJ56+DL56 -> 0 | DO56: =DK56+DM56 -> 0
A57: 49 | B57: ყვარელი | C57: P.2.109 | D57: (28) ქ. ყვარელი შტეინის ქუჩის მიწისქვეშა დაბალი წნევის გაზსადენის რეაბილიტაცია 57. 06. 52. 115-დან 57. 06. 52. 133-მდე (P.2.109) | E57: დაპროექტება | F57: =SUM(DN57) -> 0 | G57: =I57+AK57+DN57 -> 2908.5 | I57: 0 | J57: 0 | K57: =AK57 -> 2908.5 | L57: =IF(AI57>0,I57+AK57-J57,0) -> 2908.5 | M57: =I57+K57 -> 2908.5 | N57: =G57-M57 -> 0 | O57: =IF(AND(AI57>0,DM57>0),"შეცდომაა! ერთზე მეტი ბოლო ჩაბარება!",IF(OR(AI57>0,DM57>0,),IF(AI57>0,I57+AK57,I57+AK57+DO57),IF(AND(I57=0,K57=0,DO57=0),"ნულოვანი შესრულება","მიმდინარეობს"))) -> 2908.5 | Q57: 2908.5 | R57: =I57+P57 -> 0 | S57: =Q57 -> 2908.5 | X57: =T57+V57 -> 0 | Y57: =U57+W57 -> 0 | AD57: =Z57+AB57 -> 0 | AE57: =AA57+AC57 -> 0 | AF57: =P57+T57+Z57 -> 0 | AG57: =P57+U57+AA57 -> 0 | AH57: =Q57+V57+AB57 -> 2908.5 | AI57: =Q57+W57+AC57 -> 2908.5 | AJ57: =AF57+AH57 -> 2908.5 | AK57: =AG57+AI57 -> 2908.5 | AP57: =AL57+AN57 -> 0 | AQ57: =AM57+AO57 -> 0 | AV57: =AR57+AT57 -> 0 | AW57: =AS57+AU57 -> 0 | BB57: =AX57+AZ57 -> 0 | BD57: =AY57+BA57 -> 0 | BI57: =BE57+BG57 -> 0 | BK57: =BF57+BH57 -> 0 | BP57: =BL57+BN57 -> 0 | BR57: =BM57+BO57 -> 0 | BW57: =BS57+BU57 -> 0 | BY57: =BT57+BV57 -> 0 | CD57: =BZ57+CB57 -> 0 | CE57: =CA57+CC57 -> 0 | CJ57: =CF57+CH57 -> 0 | CK57: =CG57+CI57 -> 0 | CP57: =CL57+CN57 -> 0 | CQ57: =CM57+CO57 -> 0 | CV57: =CR57+CT57 -> 0 | CW57: =CS57+CU57 -> 0 | DB57: =CX57+CZ57 -> 0 | DC57: =CY57+DA57 -> 0 | DH57: =DD57+DF57 -> 0 | DI57: =DE57+DG57 -> 0 | DJ57: =AL57+AR57+AX57+BE57+BL57+BS57+BZ57+CF57+CL57+CR57+CX57+DD57 -> 0 | DK57: =AM57+AS57+AY57+BF57+BM57+BT57+CA57+CG57+CM57+CS57+CY57+DE57 -> 0 | DL57: =AN57+AT57+BC57+BJ57+BQ57+BX57+CB57+CH57+CN57+CT57+CZ57+DF57 -> 0 | DM57: =AO57+AU57+BA57+BH57+BO57+BV57+CC57+CI57+CO57+CU57+DA57+DG57 -> 0 | DN57: =DJ57+DL57 -> 0 | DO57: =DK57+DM57 -> 0
A58: 50 | B58: ყვარელი | C58: P.2.1115 | D58: (51) ქ. ყვარელი, ლაშარის ქუჩის მიწისქვეშა დაბალი წნევის გაზსადენის რეაბილიტაცია 57.06.56.000.293-დან 57.06.51.000.138-მდე (P.2.1115) | E58: მშენებლობა | F58: =SUM(DN58) -> 26162 | G58: =I58+AK58+DN58 -> 26162 | H58: 25000 | I58: 0 | J58: 0 | K58: =AK58 -> 0 | L58: =IF(AI58>0,I58+AK58-J58,0) -> 0 | M58: =I58+K58 -> 0 | N58: =G58-M58 -> 26162 | O58: =IF(AND(AI58>0,DM58>0),"შეცდომაა! ერთზე მეტი ბოლო ჩაბარება!",IF(OR(AI58>0,DM58>0,),IF(AI58>0,I58+AK58,I58+AK58+DO58),IF(AND(I58=0,K58=0,DO58=0),"ნულოვანი შესრულება","მიმდინარეობს"))) -> 123258.36 | R58: =I58+P58 -> 0 | S58: =Q58 -> 0 | X58: =T58+V58 -> 0 | Y58: =U58+W58 -> 0 | AD58: =Z58+AB58 -> 0 | AE58: =AA58+AC58 -> 0 | AF58: =P58+T58+Z58 -> 0 | AG58: =P58+U58+AA58 -> 0 | AH58: =Q58+V58+AB58 -> 0 | AI58: =Q58+W58+AC58 -> 0 | AJ58: =AF58+AH58 -> 0 | AK58: =AG58+AI58 -> 0 | AP58: =AL58+AN58 -> 0 | AQ58: =AM58+AO58 -> 0 | AS58: 100000 | AV58: =AR58+AT58 -> 0 | AW58: =AS58+AU58 -> 100000 | BB58: =AX58+AZ58 -> 0 | BD58: =AY58+BA58 -> 0 | BH58: 23258.36 | BI58: =BE58+BG58 -> 0 | BJ58: 26162 | BK58: =BF58+BH58 -> 23258.36 | BP58: =BL58+BN58 -> 0 | BR58: =BM58+BO58 -> 0 | BW58: =BS58+BU58 -> 0 | BY58: =BT58+BV58 -> 0 | CD58: =BZ58+CB58 -> 0 | CE58: =CA58+CC58 -> 0 | CJ58: =CF58+CH58 -> 0 | CK58: =CG58+CI58 -> 0 | CP58: =CL58+CN58 -> 0 | CQ58: =CM58+CO58 -> 0 | CV58: =CR58+CT58 -> 0 | CW58: =CS58+CU58 -> 0 | DB58: =CX58+CZ58 -> 0 | DC58: =CY58+DA58 -> 0 | DH58: =DD58+DF58 -> 0 | DI58: =DE58+DG58 -> 0 | DJ58: =AL58+AR58+AX58+BE58+BL58+BS58+BZ58+CF58+CL58+CR58+CX58+DD58 -> 0 | DK58: =AM58+AS58+AY58+BF58+BM58+BT58+CA58+CG58+CM58+CS58+CY58+DE58 -> 100000 | DL58: =AN58+AT58+BC58+BJ58+BQ58+BX58+CB58+CH58+CN58+CT58+CZ58+DF58 -> 26162 | DM58: =AO58+AU58+BA58+BH58+BO58+BV58+CC58+CI58+CO58+CU58+DA58+DG58 -> 23258.36 | DN58: =DJ58+DL58 -> 26162 | DO58: =DK58+DM58 -> 123258.36
A59: 51 | B59: დედოფლისწყარო | C59: P.2.991 | D59: (45) ქ. დედოფლისწყარო-ბარათაშვილის ქუჩა გაზსადენის რეაბილიტაცია (P.2.991) | E59: დაპროექტება | F59: =SUM(DN59) -> 0 | G59: =I59+AK59+DN59 -> 1314.25 | I59: 0 | J59: 0 | K59: =AK59 -> 1314.25 | L59: =IF(AI59>0,I59+AK59-J59,0) -> 1314.25 | M59: =I59+K59 -> 1314.25 | N59: =G59-M59 -> 0 | O59: =IF(AND(AI59>0,DM59>0),"შეცდომაა! ერთზე მეტი ბოლო ჩაბარება!",IF(OR(AI59>0,DM59>0,),IF(AI59>0,I59+AK59,I59+AK59+DO59),IF(AND(I59=0,K59=0,DO59=0),"ნულოვანი შესრულება","მიმდინარეობს"))) -> 1314.25 | Q59: 1314.25 | R59: =I59+P59 -> 0 | S59: =Q59 -> 1314.25 | X59: =T59+V59 -> 0 | Y59: =U59+W59 -> 0 | AD59: =Z59+AB59 -> 0 | AE59: =AA59+AC59 -> 0 | AF59: =P59+T59+Z59 -> 0 | AG59: =P59+U59+AA59 -> 0 | AH59: =Q59+V59+AB59 -> 1314.25 | AI59: =Q59+W59+AC59 -> 1314.25 | AJ59: =AF59+AH59 -> 1314.25 | AK59: =AG59+AI59 -> 1314.25 | AP59: =AL59+AN59 -> 0 | AQ59: =AM59+AO59 -> 0 | AV59: =AR59+AT59 -> 0 | AW59: =AS59+AU59 -> 0 | BB59: =AX59+AZ59 -> 0 | BD59: =AY59+BA59 -> 0 | BI59: =BE59+BG59 -> 0 | BK59: =BF59+BH59 -> 0 | BP59: =BL59+BN59 -> 0 | BR59: =BM59+BO59 -> 0 | BW59: =BS59+BU59 -> 0 | BY59: =BT59+BV59 -> 0 | CD59: =BZ59+CB59 -> 0 | CE59: =CA59+CC59 -> 0 | CJ59: =CF59+CH59 -> 0 | CK59: =CG59+CI59 -> 0 | CP59: =CL59+CN59 -> 0 | CQ59: =CM59+CO59 -> 0 | CV59: =CR59+CT59 -> 0 | CW59: =CS59+CU59 -> 0 | DB59: =CX59+CZ59 -> 0 | DC59: =CY59+DA59 -> 0 | DH59: =DD59+DF59 -> 0 | DI59: =DE59+DG59 -> 0 | DJ59: =AL59+AR59+AX59+BE59+BL59+BS59+BZ59+CF59+CL59+CR59+CX59+DD59 -> 0 | DK59: =AM59+AS59+AY59+BF59+BM59+BT59+CA59+CG59+CM59+CS59+CY59+DE59 -> 0 | DL59: =AN59+AT59+BC59+BJ59+BQ59+BX59+CB59+CH59+CN59+CT59+CZ59+DF59 -> 0 | DM59: =AO59+AU59+BA59+BH59+BO59+BV59+CC59+CI59+CO59+CU59+DA59+DG59 -> 0 | DN59: =DJ59+DL59 -> 0 | DO59: =DK59+DM59 -> 0
A60: 52 | B60: დედოფლისწყარო | C60: P.2.35 | D60: (35) ქ. დედოფლისწყარო წყაროს ქუჩის რეაბილიტაცია (P.2.35) | E60: მშენებლობა | F60: =SUM(DN60) -> 0 | G60: =I60+AK60+DN60 -> 0 | H60: 65000 | I60: 0 | J60: 0 | K60: =AK60 -> 0 | L60: =IF(AI60>0,I60+AK60-J60,0) -> 0 | M60: =I60+K60 -> 0 | N60: =G60-M60 -> 0 | O60: =IF(AND(AI60>0,DM60>0),"შეცდომაა! ერთზე მეტი ბოლო ჩაბარება!",IF(OR(AI60>0,DM60>0,),IF(AI60>0,I60+AK60,I60+AK60+DO60),IF(AND(I60=0,K60=0,DO60=0),"ნულოვანი შესრულება","მიმდინარეობს"))) -> ნულოვანი შესრულება | R60: =I60+P60 -> 0 | S60: =Q60 -> 0 | X60: =T60+V60 -> 0 | Y60: =U60+W60 -> 0 | AD60: =Z60+AB60 -> 0 | AE60: =AA60+AC60 -> 0 | AF60: =P60+T60+Z60 -> 0 | AG60: =P60+U60+AA60 -> 0 | AH60: =Q60+V60+AB60 -> 0 | AI60: =Q60+W60+AC60 -> 0 | AJ60: =AF60+AH60 -> 0 | AK60: =AG60+AI60 -> 0 | AP60: =AL60+AN60 -> 0 | AQ60: =AM60+AO60 -> 0 | AV60: =AR60+AT60 -> 0 | AW60: =AS60+AU60 -> 0 | BB60: =AX60+AZ60 -> 0 | BD60: =AY60+BA60 -> 0 | BI60: =BE60+BG60 -> 0 | BK60: =BF60+BH60 -> 0 | BP60: =BL60+BN60 -> 0 | BR60: =BM60+BO60 -> 0 | BW60: =BS60+BU60 -> 0 | BY60: =BT60+BV60 -> 0 | CD60: =BZ60+CB60 -> 0 | CE60: =CA60+CC60 -> 0 | CJ60: =CF60+CH60 -> 0 | CK60: =CG60+CI60 -> 0 | CP60: =CL60+CN60 -> 0 | CQ60: =CM60+CO60 -> 0 | CV60: =CR60+CT60 -> 0 | CW60: =CS60+CU60 -> 0 | DB60: =CX60+CZ60 -> 0 | DC60: =CY60+DA60 -> 0 | DH60: =DD60+DF60 -> 0 | DI60: =DE60+DG60 -> 0 | DJ60: =AL60+AR60+AX60+BE60+BL60+BS60+BZ60+CF60+CL60+CR60+CX60+DD60 -> 0 | DK60: =AM60+AS60+AY60+BF60+BM60+BT60+CA60+CG60+CM60+CS60+CY60+DE60 -> 0 | DL60: =AN60+AT60+BC60+BJ60+BQ60+BX60+CB60+CH60+CN60+CT60+CZ60+DF60 -> 0 | DM60: =AO60+AU60+BA60+BH60+BO60+BV60+CC60+CI60+CO60+CU60+DA60+DG60 -> 0 | DN60: =DJ60+DL60 -> 0 | DO60: =DK60+DM60 -> 0
A61: 53 | B61: ყვარელი | C61: P.2.1115 | D61: (46) ქ. ყვარელი, ლაშარის ქუჩის მიწისქვეშა დაბალი წნევის გაზსადენის რეაბილიტაცია 57.06.56.000.293-დან 57.06.51.000.138-მდე (P.2.1115) | E61: დაპროექტება | F61: =SUM(DN61) -> 0 | G61: =I61+AK61+DN61 -> 2261 | I61: 0 | J61: 0 | K61: =AK61 -> 2261 | L61: =IF(AI61>0,I61+AK61-J61,0) -> 2261 | M61: =I61+K61 -> 2261 | N61: =G61-M61 -> 0 | O61: =IF(AND(AI61>0,DM61>0),"შეცდომაა! ერთზე მეტი ბოლო ჩაბარება!",IF(OR(AI61>0,DM61>0,),IF(AI61>0,I61+AK61,I61+AK61+DO61),IF(AND(I61=0,K61=0,DO61=0),"ნულოვანი შესრულება","მიმდინარეობს"))) -> 2261 | Q61: 2261 | R61: =I61+P61 -> 0 | S61: =Q61 -> 2261 | X61: =T61+V61 -> 0 | Y61: =U61+W61 -> 0 | AD61: =Z61+AB61 -> 0 | AE61: =AA61+AC61 -> 0 | AF61: =P61+T61+Z61 -> 0 | AG61: =P61+U61+AA61 -> 0 | AH61: =Q61+V61+AB61 -> 2261 | AI61: =Q61+W61+AC61 -> 2261 | AJ61: =AF61+AH61 -> 2261 | AK61: =AG61+AI61 -> 2261 | AP61: =AL61+AN61 -> 0 | AQ61: =AM61+AO61 -> 0 | AV61: =AR61+AT61 -> 0 | AW61: =AS61+AU61 -> 0 | BB61: =AX61+AZ61 -> 0 | BD61: =AY61+BA61 -> 0 | BI61: =BE61+BG61 -> 0 | BK61: =BF61+BH61 -> 0 | BP61: =BL61+BN61 -> 0 | BR61: =BM61+BO61 -> 0 | BW61: =BS61+BU61 -> 0 | BY61: =BT61+BV61 -> 0 | CD61: =BZ61+CB61 -> 0 | CE61: =CA61+CC61 -> 0 | CJ61: =CF61+CH61 -> 0 | CK61: =CG61+CI61 -> 0 | CP61: =CL61+CN61 -> 0 | CQ61: =CM61+CO61 -> 0 | CV61: =CR61+CT61 -> 0 | CW61: =CS61+CU61 -> 0 | DB61: =CX61+CZ61 -> 0 | DC61: =CY61+DA61 -> 0 | DH61: =DD61+DF61 -> 0 | DI61: =DE61+DG61 -> 0 | DJ61: =AL61+AR61+AX61+BE61+BL61+BS61+BZ61+CF61+CL61+CR61+CX61+DD61 -> 0 | DK61: =AM61+AS61+AY61+BF61+BM61+BT61+CA61+CG61+CM61+CS61+CY61+DE61 -> 0 | DL61: =AN61+AT61+BC61+BJ61+BQ61+BX61+CB61+CH61+CN61+CT61+CZ61+DF61 -> 0 | DM61: =AO61+AU61+BA61+BH61+BO61+BV61+CC61+CI61+CO61+CU61+DA61+DG61 -> 0 | DN61: =DJ61+DL61 -> 0 | DO61: =DK61+DM61 -> 0
A62: 54 | B62: ყვარელი | C62: P.2.1119 | D62: (52) ქ. ყვარელი, სოლომონ დოდაშვილის ქუჩის მიწისქვეშა დაბალი წნევის გაზსადენის რეაბილიტაცია 57.06.56.000.2675-დან 57.06.51.000.074-მდე (P.2.1119) | E62: მშენებლობა | F62: =SUM(DN62) -> 36978 | G62: =I62+AK62+DN62 -> 36978 | H62: 25000 | I62: 0 | J62: 0 | K62: =AK62 -> 0 | L62: =IF(AI62>0,I62+AK62-J62,0) -> 0 | M62: =I62+K62 -> 0 | N62: =G62-M62 -> 36978 | O62: =IF(AND(AI62>0,DM62>0),"შეცდომაა! ერთზე მეტი ბოლო ჩაბარება!",IF(OR(AI62>0,DM62>0,),IF(AI62>0,I62+AK62,I62+AK62+DO62),IF(AND(I62=0,K62=0,DO62=0),"ნულოვანი შესრულება","მიმდინარეობს"))) -> 63896.03 | R62: =I62+P62 -> 0 | S62: =Q62 -> 0 | X62: =T62+V62 -> 0 | Y62: =U62+W62 -> 0 | AD62: =Z62+AB62 -> 0 | AE62: =AA62+AC62 -> 0 | AF62: =P62+T62+Z62 -> 0 | AG62: =P62+U62+AA62 -> 0 | AH62: =Q62+V62+AB62 -> 0 | AI62: =Q62+W62+AC62 -> 0 | AJ62: =AF62+AH62 -> 0 | AK62: =AG62+AI62 -> 0 | AP62: =AL62+AN62 -> 0 | AQ62: =AM62+AO62 -> 0 | AS62: 30000 | AV62: =AR62+AT62 -> 0 | AW62: =AS62+AU62 -> 30000 | BB62: =AX62+AZ62 -> 0 | BD62: =AY62+BA62 -> 0 | BH62: 33896.03 | BI62: =BE62+BG62 -> 0 | BJ62: 36978 | BK62: =BF62+BH62 -> 33896.03 | BP62: =BL62+BN62 -> 0 | BR62: =BM62+BO62 -> 0 | BW62: =BS62+BU62 -> 0 | BY62: =BT62+BV62 -> 0 | CD62: =BZ62+CB62 -> 0 | CE62: =CA62+CC62 -> 0 | CJ62: =CF62+CH62 -> 0 | CK62: =CG62+CI62 -> 0 | CP62: =CL62+CN62 -> 0 | CQ62: =CM62+CO62 -> 0 | CV62: =CR62+CT62 -> 0 | CW62: =CS62+CU62 -> 0 | DB62: =CX62+CZ62 -> 0 | DC62: =CY62+DA62 -> 0 | DH62: =DD62+DF62 -> 0 | DI62: =DE62+DG62 -> 0 | DJ62: =AL62+AR62+AX62+BE62+BL62+BS62+BZ62+CF62+CL62+CR62+CX62+DD62 -> 0 | DK62: =AM62+AS62+AY62+BF62+BM62+BT62+CA62+CG62+CM62+CS62+CY62+DE62 -> 30000 | DL62: =AN62+AT62+BC62+BJ62+BQ62+BX62+CB62+CH62+CN62+CT62+CZ62+DF62 -> 36978 | DM62: =AO62+AU62+BA62+BH62+BO62+BV62+CC62+CI62+CO62+CU62+DA62+DG62 -> 33896.03 | DN62: =DJ62+DL62 -> 36978 | DO62: =DK62+DM62 -> 63896.03
A63: 55 | B63: ლაგოდეხი | C63: P.2.1161 | D63: (18) სოფ. კაბალში და სოფ. ყარაჯალაში აღრიცხვიანობის მოწესრიგება (P.2.1161) | E63: დაპროექტება | F63: =SUM(DN63) -> 0 | G63: =I63+AK63+DN63 -> 3503 | I63: 0 | J63: 0 | K63: =AK63 -> 3503 | L63: =IF(AI63>0,I63+AK63-J63,0) -> 3503 | M63: =I63+K63 -> 3503 | N63: =G63-M63 -> 0 | O63: =IF(AND(AI63>0,DM63>0),"შეცდომაა! ერთზე მეტი ბოლო ჩაბარება!",IF(OR(AI63>0,DM63>0,),IF(AI63>0,I63+AK63,I63+AK63+DO63),IF(AND(I63=0,K63=0,DO63=0),"ნულოვანი შესრულება","მიმდინარეობს"))) -> 3503 | Q63: 3503 | R63: =I63+P63 -> 0 | S63: =Q63 -> 3503 | X63: =T63+V63 -> 0 | Y63: =U63+W63 -> 0 | AD63: =Z63+AB63 -> 0 | AE63: =AA63+AC63 -> 0 | AF63: =P63+T63+Z63 -> 0 | AG63: =P63+U63+AA63 -> 0 | AH63: =Q63+V63+AB63 -> 3503 | AI63: =Q63+W63+AC63 -> 3503 | AJ63: =AF63+AH63 -> 3503 | AK63: =AG63+AI63 -> 3503 | AP63: =AL63+AN63 -> 0 | AQ63: =AM63+AO63 -> 0 | AV63: =AR63+AT63 -> 0 | AW63: =AS63+AU63 -> 0 | BB63: =AX63+AZ63 -> 0 | BD63: =AY63+BA63 -> 0 | BI63: =BE63+BG63 -> 0 | BK63: =BF63+BH63 -> 0 | BP63: =BL63+BN63 -> 0 | BR63: =BM63+BO63 -> 0 | BW63: =BS63+BU63 -> 0 | BY63: =BT63+BV63 -> 0 | CD63: =BZ63+CB63 -> 0 | CE63: =CA63+CC63 -> 0 | CJ63: =CF63+CH63 -> 0 | CK63: =CG63+CI63 -> 0 | CP63: =CL63+CN63 -> 0 | CQ63: =CM63+CO63 -> 0 | CV63: =CR63+CT63 -> 0 | CW63: =CS63+CU63 -> 0 | DB63: =CX63+CZ63 -> 0 | DC63: =CY63+DA63 -> 0 | DH63: =DD63+DF63 -> 0 | DI63: =DE63+DG63 -> 0 | DJ63: =AL63+AR63+AX63+BE63+BL63+BS63+BZ63+CF63+CL63+CR63+CX63+DD63 -> 0 | DK63: =AM63+AS63+AY63+BF63+BM63+BT63+CA63+CG63+CM63+CS63+CY63+DE63 -> 0 | DL63: =AN63+AT63+BC63+BJ63+BQ63+BX63+CB63+CH63+CN63+CT63+CZ63+DF63 -> 0 | DM63: =AO63+AU63+BA63+BH63+BO63+BV63+CC63+CI63+CO63+CU63+DA63+DG63 -> 0 | DN63: =DJ63+DL63 -> 0 | DO63: =DK63+DM63 -> 0
A64: 56 | B64: ლაგოდეხი | C64: P.2.1160 | D64: (3)სოფ. კაბალში ფოლადის გაზსადენის შეცვლა პოლიეთილენით | E64: დაპროექტება | F64: =SUM(DN64) -> 0 | G64: =I64+AK64+DN64 -> 3311 | I64: 0 | J64: 0 | K64: =AK64 -> 3311 | L64: =IF(AI64>0,I64+AK64-J64,0) -> 3311 | M64: =I64+K64 -> 3311 | N64: =G64-M64 -> 0 | O64: =IF(AND(AI64>0,DM64>0),"შეცდომაა! ერთზე მეტი ბოლო ჩაბარება!",IF(OR(AI64>0,DM64>0,),IF(AI64>0,I64+AK64,I64+AK64+DO64),IF(AND(I64=0,K64=0,DO64=0),"ნულოვანი შესრულება","მიმდინარეობს"))) -> 3311 | Q64: 3311 | R64: =I64+P64 -> 0 | S64: =Q64 -> 3311 | X64: =T64+V64 -> 0 | Y64: =U64+W64 -> 0 | AD64: =Z64+AB64 -> 0 | AE64: =AA64+AC64 -> 0 | AF64: =P64+T64+Z64 -> 0 | AG64: =P64+U64+AA64 -> 0 | AH64: =Q64+V64+AB64 -> 3311 | AI64: =Q64+W64+AC64 -> 3311 | AJ64: =AF64+AH64 -> 3311 | AK64: =AG64+AI64 -> 3311 | AP64: =AL64+AN64 -> 0 | AQ64: =AM64+AO64 -> 0 | AV64: =AR64+AT64 -> 0 | AW64: =AS64+AU64 -> 0 | BB64: =AX64+AZ64 -> 0 | BD64: =AY64+BA64 -> 0 | BI64: =BE64+BG64 -> 0 | BK64: =BF64+BH64 -> 0 | BP64: =BL64+BN64 -> 0 | BR64: =BM64+BO64 -> 0 | BW64: =BS64+BU64 -> 0 | BY64: =BT64+BV64 -> 0 | CD64: =BZ64+CB64 -> 0 | CE64: =CA64+CC64 -> 0 | CJ64: =CF64+CH64 -> 0 | CK64: =CG64+CI64 -> 0 | CP64: =CL64+CN64 -> 0 | CQ64: =CM64+CO64 -> 0 | CV64: =CR64+CT64 -> 0 | CW64: =CS64+CU64 -> 0 | DB64: =CX64+CZ64 -> 0 | DC64: =CY64+DA64 -> 0 | DH64: =DD64+DF64 -> 0 | DI64: =DE64+DG64 -> 0 | DJ64: =AL64+AR64+AX64+BE64+BL64+BS64+BZ64+CF64+CL64+CR64+CX64+DD64 -> 0 | DK64: =AM64+AS64+AY64+BF64+BM64+BT64+CA64+CG64+CM64+CS64+CY64+DE64 -> 0 | DL64: =AN64+AT64+BC64+BJ64+BQ64+BX64+CB64+CH64+CN64+CT64+CZ64+DF64 -> 0 | DM64: =AO64+AU64+BA64+BH64+BO64+BV64+CC64+CI64+CO64+CU64+DA64+DG64 -> 0 | DN64: =DJ64+DL64 -> 0 | DO64: =DK64+DM64 -> 0
A65: 57 | B65: ლაგოდეხი | C65: P.2.887 | D65: (22) გაზსადენების შეღებვა სხვადასხვა მისამართებზე (P.2.887) | E65: მშენებლობა | F65: =SUM(DN65) -> 0 | G65: =I65+AK65+DN65 -> 75887.44 | H65: 110000 | I65: 0 | J65: 0 | K65: =AK65 -> 75887.44 | L65: =IF(AI65>0,I65+AK65-J65,0) -> 75887.44 | M65: =I65+K65 -> 75887.44 | N65: =G65-M65 -> 0 | O65: =IF(AND(AI65>0,DM65>0),"შეცდომაა! ერთზე მეტი ბოლო ჩაბარება!",IF(OR(AI65>0,DM65>0,),IF(AI65>0,I65+AK65,I65+AK65+DO65),IF(AND(I65=0,K65=0,DO65=0),"ნულოვანი შესრულება","მიმდინარეობს"))) -> 75887.44 | P65: 50000 | R65: =I65+P65 -> 50000 | S65: =Q65 -> 0 | U65: 20000 | X65: =T65+V65 -> 0 | Y65: =U65+W65 -> 20000 | AC65: 5887.44 | AD65: =Z65+AB65 -> 0 | AE65: =AA65+AC65 -> 5887.44 | AF65: =P65+T65+Z65 -> 50000 | AG65: =P65+U65+AA65 -> 70000 | AH65: =Q65+V65+AB65 -> 0 | AI65: =Q65+W65+AC65 -> 5887.44 | AJ65: =AF65+AH65 -> 50000 | AK65: =AG65+AI65 -> 75887.44 | AP65: =AL65+AN65 -> 0 | AQ65: =AM65+AO65 -> 0 | AV65: =AR65+AT65 -> 0 | AW65: =AS65+AU65 -> 0 | BB65: =AX65+AZ65 -> 0 | BD65: =AY65+BA65 -> 0 | BI65: =BE65+BG65 -> 0 | BK65: =BF65+BH65 -> 0 | BP65: =BL65+BN65 -> 0 | BR65: =BM65+BO65 -> 0 | BW65: =BS65+BU65 -> 0 | BY65: =BT65+BV65 -> 0 | CD65: =BZ65+CB65 -> 0 | CE65: =CA65+CC65 -> 0 | CJ65: =CF65+CH65 -> 0 | CK65: =CG65+CI65 -> 0 | CP65: =CL65+CN65 -> 0 | CQ65: =CM65+CO65 -> 0 | CV65: =CR65+CT65 -> 0 | CW65: =CS65+CU65 -> 0 | DB65: =CX65+CZ65 -> 0 | DC65: =CY65+DA65 -> 0 | DH65: =DD65+DF65 -> 0 | DI65: =DE65+DG65 -> 0 | DJ65: =AL65+AR65+AX65+BE65+BL65+BS65+BZ65+CF65+CL65+CR65+CX65+DD65 -> 0 | DK65: =AM65+AS65+AY65+BF65+BM65+BT65+CA65+CG65+CM65+CS65+CY65+DE65 -> 0 | DL65: =AN65+AT65+BC65+BJ65+BQ65+BX65+CB65+CH65+CN65+CT65+CZ65+DF65 -> 0 | DM65: =AO65+AU65+BA65+BH65+BO65+BV65+CC65+CI65+CO65+CU65+DA65+DG65 -> 0 | DN65: =DJ65+DL65 -> 0 | DO65: =DK65+DM65 -> 0
A66: 58 | B66: მარნეული | C66: P.2.1224 | D66: (25) ქ. მარნეული პირველ და მეორე ქუჩებზე გაზსადენის მოწყობა (P.2.1224) | E66: მშენებლობა | F66: =SUM(DN66) -> 0 | G66: =I66+AK66+DN66 -> 0 | H66: 100000 | I66: 0 | J66: 0 | K66: =AK66 -> 0 | L66: =IF(AI66>0,I66+AK66-J66,0) -> 0 | M66: =I66+K66 -> 0 | N66: =G66-M66 -> 0 | O66: =IF(AND(AI66>0,DM66>0),"შეცდომაა! ერთზე მეტი ბოლო ჩაბარება!",IF(OR(AI66>0,DM66>0,),IF(AI66>0,I66+AK66,I66+AK66+DO66),IF(AND(I66=0,K66=0,DO66=0),"ნულოვანი შესრულება","მიმდინარეობს"))) -> ნულოვანი შესრულება | R66: =I66+P66 -> 0 | S66: =Q66 -> 0 | X66: =T66+V66 -> 0 | Y66: =U66+W66 -> 0 | AD66: =Z66+AB66 -> 0 | AE66: =AA66+AC66 -> 0 | AF66: =P66+T66+Z66 -> 0 | AG66: =P66+U66+AA66 -> 0 | AH66: =Q66+V66+AB66 -> 0 | AI66: =Q66+W66+AC66 -> 0 | AJ66: =AF66+AH66 -> 0 | AK66: =AG66+AI66 -> 0 | AP66: =AL66+AN66 -> 0 | AQ66: =AM66+AO66 -> 0 | AV66: =AR66+AT66 -> 0 | AW66: =AS66+AU66 -> 0 | BB66: =AX66+AZ66 -> 0 | BD66: =AY66+BA66 -> 0 | BI66: =BE66+BG66 -> 0 | BK66: =BF66+BH66 -> 0 | BP66: =BL66+BN66 -> 0 | BR66: =BM66+BO66 -> 0 | BW66: =BS66+BU66 -> 0 | BY66: =BT66+BV66 -> 0 | CD66: =BZ66+CB66 -> 0 | CE66: =CA66+CC66 -> 0 | CJ66: =CF66+CH66 -> 0 | CK66: =CG66+CI66 -> 0 | CP66: =CL66+CN66 -> 0 | CQ66: =CM66+CO66 -> 0 | CV66: =CR66+CT66 -> 0 | CW66: =CS66+CU66 -> 0 | DB66: =CX66+CZ66 -> 0 | DC66: =CY66+DA66 -> 0 | DH66: =DD66+DF66 -> 0 | DI66: =DE66+DG66 -> 0 | DJ66: =AL66+AR66+AX66+BE66+BL66+BS66+BZ66+CF66+CL66+CR66+CX66+DD66 -> 0 | DK66: =AM66+AS66+AY66+BF66+BM66+BT66+CA66+CG66+CM66+CS66+CY66+DE66 -> 0 | DL66: =AN66+AT66+BC66+BJ66+BQ66+BX66+CB66+CH66+CN66+CT66+CZ66+DF66 -> 0 | DM66: =AO66+AU66+BA66+BH66+BO66+BV66+CC66+CI66+CO66+CU66+DA66+DG66 -> 0 | DN66: =DJ66+DL66 -> 0 | DO66: =DK66+DM66 -> 0
A67: 59 | B67: ყვარელი | C67: P.2.1119 | D67: (47) ქ. ყვარელი, სოლომონ დოდაშვილის ქუჩის მიწისქვეშა დაბალი წნევის გაზსადენის რეაბილიტაცია 57.06.56.000.2675-დან 57.06.51.000.074-მდე (P.2.1119) | E67: დაპროექტება | F67: =SUM(DN67) -> 0 | G67: =I67+AK67+DN67 -> 1100.75 | I67: 0 | J67: 0 | K67: =AK67 -> 1100.75 | L67: =IF(AI67>0,I67+AK67-J67,0) -> 1100.75 | M67: =I67+K67 -> 1100.75 | N67: =G67-M67 -> 0 | O67: =IF(AND(AI67>0,DM67>0),"შეცდომაა! ერთზე მეტი ბოლო ჩაბარება!",IF(OR(AI67>0,DM67>0,),IF(AI67>0,I67+AK67,I67+AK67+DO67),IF(AND(I67=0,K67=0,DO67=0),"ნულოვანი შესრულება","მიმდინარეობს"))) -> 1100.75 | Q67: 1100.75 | R67: =I67+P67 -> 0 | S67: =Q67 -> 1100.75 | X67: =T67+V67 -> 0 | Y67: =U67+W67 -> 0 | AD67: =Z67+AB67 -> 0 | AE67: =AA67+AC67 -> 0 | AF67: =P67+T67+Z67 -> 0 | AG67: =P67+U67+AA67 -> 0 | AH67: =Q67+V67+AB67 -> 1100.75 | AI67: =Q67+W67+AC67 -> 1100.75 | AJ67: =AF67+AH67 -> 1100.75 | AK67: =AG67+AI67 -> 1100.75 | AP67: =AL67+AN67 -> 0 | AQ67: =AM67+AO67 -> 0 | AV67: =AR67+AT67 -> 0 | AW67: =AS67+AU67 -> 0 | BB67: =AX67+AZ67 -> 0 | BD67: =AY67+BA67 -> 0 | BI67: =BE67+BG67 -> 0 | BK67: =BF67+BH67 -> 0 | BP67: =BL67+BN67 -> 0 | BR67: =BM67+BO67 -> 0 | BW67: =BS67+BU67 -> 0 | BY67: =BT67+BV67 -> 0 | CD67: =BZ67+CB67 -> 0 | CE67: =CA67+CC67 -> 0 | CJ67: =CF67+CH67 -> 0 | CK67: =CG67+CI67 -> 0 | CP67: =CL67+CN67 -> 0 | CQ67: =CM67+CO67 -> 0 | CV67: =CR67+CT67 -> 0 | CW67: =CS67+CU67 -> 0 | DB67: =CX67+CZ67 -> 0 | DC67: =CY67+DA67 -> 0 | DH67: =DD67+DF67 -> 0 | DI67: =DE67+DG67 -> 0 | DJ67: =AL67+AR67+AX67+BE67+BL67+BS67+BZ67+CF67+CL67+CR67+CX67+DD67 -> 0 | DK67: =AM67+AS67+AY67+BF67+BM67+BT67+CA67+CG67+CM67+CS67+CY67+DE67 -> 0 | DL67: =AN67+AT67+BC67+BJ67+BQ67+BX67+CB67+CH67+CN67+CT67+CZ67+DF67 -> 0 | DM67: =AO67+AU67+BA67+BH67+BO67+BV67+CC67+CI67+CO67+CU67+DA67+DG67 -> 0 | DN67: =DJ67+DL67 -> 0 | DO67: =DK67+DM67 -> 0
A68: 60 | B68: ყვარელი | C68: P.2.1117 | D68: (40) ქ. ყვარელი, ელადის ქუჩის მიწისქვეშა დაბალი წნევის გაზსადენის რეაბილიტაცია 57.06.56.000.182-დან 57.06.51.000.454-მდე (P.2.1117) | E68: მშენებლობა | F68: =SUM(DN68) -> 19963 | G68: =I68+AK68+DN68 -> 19963 | H68: 55000 | I68: 0 | J68: 0 | K68: =AK68 -> 0 | L68: =IF(AI68>0,I68+AK68-J68,0) -> 0 | M68: =I68+K68 -> 0 | N68: =G68-M68 -> 19963 | O68: =IF(AND(AI68>0,DM68>0),"შეცდომაა! ერთზე მეტი ბოლო ჩაბარება!",IF(OR(AI68>0,DM68>0,),IF(AI68>0,I68+AK68,I68+AK68+DO68),IF(AND(I68=0,K68=0,DO68=0),"ნულოვანი შესრულება","მიმდინარეობს"))) -> 58693.75 | R68: =I68+P68 -> 0 | S68: =Q68 -> 0 | X68: =T68+V68 -> 0 | Y68: =U68+W68 -> 0 | AD68: =Z68+AB68 -> 0 | AE68: =AA68+AC68 -> 0 | AF68: =P68+T68+Z68 -> 0 | AG68: =P68+U68+AA68 -> 0 | AH68: =Q68+V68+AB68 -> 0 | AI68: =Q68+W68+AC68 -> 0 | AJ68: =AF68+AH68 -> 0 | AK68: =AG68+AI68 -> 0 | AM68: 0 | AP68: =AL68+AN68 -> 0 | AQ68: =AM68+AO68 -> 0 | AS68: 40000 | AV68: =AR68+AT68 -> 0 | AW68: =AS68+AU68 -> 40000 | BB68: =AX68+AZ68 -> 0 | BD68: =AY68+BA68 -> 0 | BH68: 18693.75 | BI68: =BE68+BG68 -> 0 | BJ68: 19963 | BK68: =BF68+BH68 -> 18693.75 | BP68: =BL68+BN68 -> 0 | BR68: =BM68+BO68 -> 0 | BW68: =BS68+BU68 -> 0 | BY68: =BT68+BV68 -> 0 | CD68: =BZ68+CB68 -> 0 | CE68: =CA68+CC68 -> 0 | CJ68: =CF68+CH68 -> 0 | CK68: =CG68+CI68 -> 0 | CP68: =CL68+CN68 -> 0 | CQ68: =CM68+CO68 -> 0 | CV68: =CR68+CT68 -> 0 | CW68: =CS68+CU68 -> 0 | DB68: =CX68+CZ68 -> 0 | DC68: =CY68+DA68 -> 0 | DH68: =DD68+DF68 -> 0 | DI68: =DE68+DG68 -> 0 | DJ68: =AL68+AR68+AX68+BE68+BL68+BS68+BZ68+CF68+CL68+CR68+CX68+DD68 -> 0 | DK68: =AM68+AS68+AY68+BF68+BM68+BT68+CA68+CG68+CM68+CS68+CY68+DE68 -> 40000 | DL68: =AN68+AT68+BC68+BJ68+BQ68+BX68+CB68+CH68+CN68+CT68+CZ68+DF68 -> 19963 | DM68: =AO68+AU68+BA68+BH68+BO68+BV68+CC68+CI68+CO68+CU68+DA68+DG68 -> 18693.75 | DN68: =DJ68+DL68 -> 19963 | DO68: =DK68+DM68 -> 58693.75
A69: 61 | B69: გარდაბანი | C69: P.2.847 | D69: (30) გაზსადენების შეღებვა სხვადასხვა მისამართებზე (P.2.847) | E69: მშენებლობა | F69: =SUM(DN69) -> 0 | G69: =I69+AK69+DN69 -> 103426.37 | H69: 90000 | I69: 0 | J69: 0 | K69: =AK69 -> 103426.37 | L69: =IF(AI69>0,I69+AK69-J69,0) -> 103426.37 | M69: =I69+K69 -> 103426.37 | N69: =G69-M69 -> 0 | O69: =IF(AND(AI69>0,DM69>0),"შეცდომაა! ერთზე მეტი ბოლო ჩაბარება!",IF(OR(AI69>0,DM69>0,),IF(AI69>0,I69+AK69,I69+AK69+DO69),IF(AND(I69=0,K69=0,DO69=0),"ნულოვანი შესრულება","მიმდინარეობს"))) -> 103426.37 | P69: 40000 | R69: =I69+P69 -> 40000 | S69: =Q69 -> 0 | U69: 55000 | X69: =T69+V69 -> 0 | Y69: =U69+W69 -> 55000 | AC69: 8426.37 | AD69: =Z69+AB69 -> 0 | AE69: =AA69+AC69 -> 8426.37 | AF69: =P69+T69+Z69 -> 40000 | AG69: =P69+U69+AA69 -> 95000 | AH69: =Q69+V69+AB69 -> 0 | AI69: =Q69+W69+AC69 -> 8426.37 | AJ69: =AF69+AH69 -> 40000 | AK69: =AG69+AI69 -> 103426.37 | AP69: =AL69+AN69 -> 0 | AQ69: =AM69+AO69 -> 0 | AV69: =AR69+AT69 -> 0 | AW69: =AS69+AU69 -> 0 | BB69: =AX69+AZ69 -> 0 | BD69: =AY69+BA69 -> 0 | BI69: =BE69+BG69 -> 0 | BK69: =BF69+BH69 -> 0 | BP69: =BL69+BN69 -> 0 | BR69: =BM69+BO69 -> 0 | BW69: =BS69+BU69 -> 0 | BY69: =BT69+BV69 -> 0 | CD69: =BZ69+CB69 -> 0 | CE69: =CA69+CC69 -> 0 | CJ69: =CF69+CH69 -> 0 | CK69: =CG69+CI69 -> 0 | CP69: =CL69+CN69 -> 0 | CQ69: =CM69+CO69 -> 0 | CV69: =CR69+CT69 -> 0 | CW69: =CS69+CU69 -> 0 | DB69: =CX69+CZ69 -> 0 | DC69: =CY69+DA69 -> 0 | DH69: =DD69+DF69 -> 0 | DI69: =DE69+DG69 -> 0 | DJ69: =AL69+AR69+AX69+BE69+BL69+BS69+BZ69+CF69+CL69+CR69+CX69+DD69 -> 0 | DK69: =AM69+AS69+AY69+BF69+BM69+BT69+CA69+CG69+CM69+CS69+CY69+DE69 -> 0 | DL69: =AN69+AT69+BC69+BJ69+BQ69+BX69+CB69+CH69+CN69+CT69+CZ69+DF69 -> 0 | DM69: =AO69+AU69+BA69+BH69+BO69+BV69+CC69+CI69+CO69+CU69+DA69+DG69 -> 0 | DN69: =DJ69+DL69 -> 0 | DO69: =DK69+DM69 -> 0
A70: 62 | B70: გურჯაანი | C70: P.2.868 | D70: (6) 25-ე საუბნო კვანძზე (დეპოს უბანი) დაბალი წნევის გაზსადენის რეაბილიტაცია. P.2.868 | E70: მშენებლობა | F70: =SUM(DN70) -> 0 | G70: =I70+AK70+DN70 -> 69616.19 | H70: 25000 | I70: 0 | J70: 0 | K70: =AK70 -> 69616.19 | L70: =IF(AI70>0,I70+AK70-J70,0) -> 69616.19 | M70: =I70+K70 -> 69616.19 | N70: =G70-M70 -> 0 | O70: =IF(AND(AI70>0,DM70>0),"შეცდომაა! ერთზე მეტი ბოლო ჩაბარება!",IF(OR(AI70>0,DM70>0,),IF(AI70>0,I70+AK70,I70+AK70+DO70),IF(AND(I70=0,K70=0,DO70=0),"ნულოვანი შესრულება","მიმდინარეობს"))) -> 69616.19 | P70: 62000 | R70: =I70+P70 -> 62000 | S70: =Q70 -> 0 | X70: =T70+V70 -> 0 | Y70: =U70+W70 -> 0 | Z70: 40000 | AC70: 7616.19 | AD70: =Z70+AB70 -> 40000 | AE70: =AA70+AC70 -> 7616.19 | AF70: =P70+T70+Z70 -> 102000 | AG70: =P70+U70+AA70 -> 62000 | AH70: =Q70+V70+AB70 -> 0 | AI70: =Q70+W70+AC70 -> 7616.19 | AJ70: =AF70+AH70 -> 102000 | AK70: =AG70+AI70 -> 69616.19 | AP70: =AL70+AN70 -> 0 | AQ70: =AM70+AO70 -> 0 | AV70: =AR70+AT70 -> 0 | AW70: =AS70+AU70 -> 0 | BB70: =AX70+AZ70 -> 0 | BD70: =AY70+BA70 -> 0 | BI70: =BE70+BG70 -> 0 | BK70: =BF70+BH70 -> 0 | BP70: =BL70+BN70 -> 0 | BR70: =BM70+BO70 -> 0 | BW70: =BS70+BU70 -> 0 | BY70: =BT70+BV70 -> 0 | CD70: =BZ70+CB70 -> 0 | CE70: =CA70+CC70 -> 0 | CJ70: =CF70+CH70 -> 0 | CK70: =CG70+CI70 -> 0 | CP70: =CL70+CN70 -> 0 | CQ70: =CM70+CO70 -> 0 | CV70: =CR70+CT70 -> 0 | CW70: =CS70+CU70 -> 0 | DB70: =CX70+CZ70 -> 0 | DC70: =CY70+DA70 -> 0 | DH70: =DD70+DF70 -> 0 | DI70: =DE70+DG70 -> 0 | DJ70: =AL70+AR70+AX70+BE70+BL70+BS70+BZ70+CF70+CL70+CR70+CX70+DD70 -> 0 | DK70: =AM70+AS70+AY70+BF70+BM70+BT70+CA70+CG70+CM70+CS70+CY70+DE70 -> 0 | DL70: =AN70+AT70+BC70+BJ70+BQ70+BX70+CB70+CH70+CN70+CT70+CZ70+DF70 -> 0 | DM70: =AO70+AU70+BA70+BH70+BO70+BV70+CC70+CI70+CO70+CU70+DA70+DG70 -> 0 | DN70: =DJ70+DL70 -> 0 | DO70: =DK70+DM70 -> 0
A71: 63 | B71: გარდაბანი | C71: P.2.999 | D71: (54) ქ. გარდაბანი, გამარჯვების ქუჩაზე არსებული გაზგამანაწილებელი ქსელის რეაბილიტაცია P.2.999 | E71: მშენებლობა | F71: =SUM(DN71) -> 0 | G71: =I71+AK71+DN71 -> 180000 | H71: 106000 | I71: 0 | J71: 0 | K71: =AK71 -> 180000 | L71: =IF(AI71>0,I71+AK71-J71,0) -> 0 | M71: =I71+K71 -> 180000 | N71: =G71-M71 -> 0 | O71: =IF(AND(AI71>0,DM71>0),"შეცდომაა! ერთზე მეტი ბოლო ჩაბარება!",IF(OR(AI71>0,DM71>0,),IF(AI71>0,I71+AK71,I71+AK71+DO71),IF(AND(I71=0,K71=0,DO71=0),"ნულოვანი შესრულება","მიმდინარეობს"))) -> მიმდინარეობს | P71: 180000 | R71: =I71+P71 -> 180000 | S71: =Q71 -> 0 | X71: =T71+V71 -> 0 | Y71: =U71+W71 -> 0 | AD71: =Z71+AB71 -> 0 | AE71: =AA71+AC71 -> 0 | AF71: =P71+T71+Z71 -> 180000 | AG71: =P71+U71+AA71 -> 180000 | AH71: =Q71+V71+AB71 -> 0 | AI71: =Q71+W71+AC71 -> 0 | AJ71: =AF71+AH71 -> 180000 | AK71: =AG71+AI71 -> 180000 | AP71: =AL71+AN71 -> 0 | AQ71: =AM71+AO71 -> 0 | AV71: =AR71+AT71 -> 0 | AW71: =AS71+AU71 -> 0 | BB71: =AX71+AZ71 -> 0 | BD71: =AY71+BA71 -> 0 | BI71: =BE71+BG71 -> 0 | BK71: =BF71+BH71 -> 0 | BP71: =BL71+BN71 -> 0 | BR71: =BM71+BO71 -> 0 | BW71: =BS71+BU71 -> 0 | BY71: =BT71+BV71 -> 0 | CD71: =BZ71+CB71 -> 0 | CE71: =CA71+CC71 -> 0 | CJ71: =CF71+CH71 -> 0 | CK71: =CG71+CI71 -> 0 | CP71: =CL71+CN71 -> 0 | CQ71: =CM71+CO71 -> 0 | CV71: =CR71+CT71 -> 0 | CW71: =CS71+CU71 -> 0 | DB71: =CX71+CZ71 -> 0 | DC71: =CY71+DA71 -> 0 | DH71: =DD71+DF71 -> 0 | DI71: =DE71+DG71 -> 0 | DJ71: =AL71+AR71+AX71+BE71+BL71+BS71+BZ71+CF71+CL71+CR71+CX71+DD71 -> 0 | DK71: =AM71+AS71+AY71+BF71+BM71+BT71+CA71+CG71+CM71+CS71+CY71+DE71 -> 0 | DL71: =AN71+AT71+BC71+BJ71+BQ71+BX71+CB71+CH71+CN71+CT71+CZ71+DF71 -> 0 | DM71: =AO71+AU71+BA71+BH71+BO71+BV71+CC71+CI71+CO71+CU71+DA71+DG71 -> 0 | DN71: =DJ71+DL71 -> 0 | DO71: =DK71+DM71 -> 0
A72: 64 | B72: დედოფლისწყარო | C72: P.2.34 | D72: (42) ქ. დედოფლისწყარო ძნელაძის ქუჩის რეაბილიტაცია (P.2.34) | E72: მშენებლობა | F72: =SUM(DN72) -> 0 | G72: =I72+AK72+DN72 -> 0 | H72: 40000 | I72: 0 | J72: 0 | K72: =AK72 -> 0 | L72: =IF(AI72>0,I72+AK72-J72,0) -> 0 | M72: =I72+K72 -> 0 | N72: =G72-M72 -> 0 | O72: =IF(AND(AI72>0,DM72>0),"შეცდომაა! ერთზე მეტი ბოლო ჩაბარება!",IF(OR(AI72>0,DM72>0,),IF(AI72>0,I72+AK72,I72+AK72+DO72),IF(AND(I72=0,K72=0,DO72=0),"ნულოვანი შესრულება","მიმდინარეობს"))) -> ნულოვანი შესრულება | R72: =I72+P72 -> 0 | S72: =Q72 -> 0 | X72: =T72+V72 -> 0 | Y72: =U72+W72 -> 0 | AD72: =Z72+AB72 -> 0 | AE72: =AA72+AC72 -> 0 | AF72: =P72+T72+Z72 -> 0 | AG72: =P72+U72+AA72 -> 0 | AH72: =Q72+V72+AB72 -> 0 | AI72: =Q72+W72+AC72 -> 0 | AJ72: =AF72+AH72 -> 0 | AK72: =AG72+AI72 -> 0 | AP72: =AL72+AN72 -> 0 | AQ72: =AM72+AO72 -> 0 | AV72: =AR72+AT72 -> 0 | AW72: =AS72+AU72 -> 0 | BB72: =AX72+AZ72 -> 0 | BD72: =AY72+BA72 -> 0 | BI72: =BE72+BG72 -> 0 | BK72: =BF72+BH72 -> 0 | BP72: =BL72+BN72 -> 0 | BR72: =BM72+BO72 -> 0 | BW72: =BS72+BU72 -> 0 | BY72: =BT72+BV72 -> 0 | CD72: =BZ72+CB72 -> 0 | CE72: =CA72+CC72 -> 0 | CJ72: =CF72+CH72 -> 0 | CK72: =CG72+CI72 -> 0 | CP72: =CL72+CN72 -> 0 | CQ72: =CM72+CO72 -> 0 | CV72: =CR72+CT72 -> 0 | CW72: =CS72+CU72 -> 0 | DB72: =CX72+CZ72 -> 0 | DC72: =CY72+DA72 -> 0 | DH72: =DD72+DF72 -> 0 | DI72: =DE72+DG72 -> 0 | DJ72: =AL72+AR72+AX72+BE72+BL72+BS72+BZ72+CF72+CL72+CR72+CX72+DD72 -> 0 | DK72: =AM72+AS72+AY72+BF72+BM72+BT72+CA72+CG72+CM72+CS72+CY72+DE72 -> 0 | DL72: =AN72+AT72+BC72+BJ72+BQ72+BX72+CB72+CH72+CN72+CT72+CZ72+DF72 -> 0 | DM72: =AO72+AU72+BA72+BH72+BO72+BV72+CC72+CI72+CO72+CU72+DA72+DG72 -> 0 | DN72: =DJ72+DL72 -> 0 | DO72: =DK72+DM72 -> 0
A73: 65 | B73: სიღნაღი | C73: P.2.778 | D73: (41) სოფ. საქობო მხატვარი იურას უბნის რეაბილიტაცია (P.2.778) | E73: დაპროექტება | F73: =SUM(DN73) -> 0 | G73: =I73+AK73+DN73 -> 1338.75 | I73: 0 | J73: 0 | K73: =AK73 -> 1338.75 | L73: =IF(AI73>0,I73+AK73-J73,0) -> 1338.75 | M73: =I73+K73 -> 1338.75 | N73: =G73-M73 -> 0 | O73: =IF(AND(AI73>0,DM73>0),"შეცდომაა! ერთზე მეტი ბოლო ჩაბარება!",IF(OR(AI73>0,DM73>0,),IF(AI73>0,I73+AK73,I73+AK73+DO73),IF(AND(I73=0,K73=0,DO73=0),"ნულოვანი შესრულება","მიმდინარეობს"))) -> 1338.75 | Q73: 1338.75 | R73: =I73+P73 -> 0 | S73: =Q73 -> 1338.75 | X73: =T73+V73 -> 0 | Y73: =U73+W73 -> 0 | AD73: =Z73+AB73 -> 0 | AE73: =AA73+AC73 -> 0 | AF73: =P73+T73+Z73 -> 0 | AG73: =P73+U73+AA73 -> 0 | AH73: =Q73+V73+AB73 -> 1338.75 | AI73: =Q73+W73+AC73 -> 1338.75 | AJ73: =AF73+AH73 -> 1338.75 | AK73: =AG73+AI73 -> 1338.75 | AP73: =AL73+AN73 -> 0 | AQ73: =AM73+AO73 -> 0 | AV73: =AR73+AT73 -> 0 | AW73: =AS73+AU73 -> 0 | BB73: =AX73+AZ73 -> 0 | BD73: =AY73+BA73 -> 0 | BI73: =BE73+BG73 -> 0 | BK73: =BF73+BH73 -> 0 | BP73: =BL73+BN73 -> 0 | BR73: =BM73+BO73 -> 0 | BW73: =BS73+BU73 -> 0 | BY73: =BT73+BV73 -> 0 | CD73: =BZ73+CB73 -> 0 | CE73: =CA73+CC73 -> 0 | CJ73: =CF73+CH73 -> 0 | CK73: =CG73+CI73 -> 0 | CP73: =CL73+CN73 -> 0 | CQ73: =CM73+CO73 -> 0 | CV73: =CR73+CT73 -> 0 | CW73: =CS73+CU73 -> 0 | DB73: =CX73+CZ73 -> 0 | DC73: =CY73+DA73 -> 0 | DH73: =DD73+DF73 -> 0 | DI73: =DE73+DG73 -> 0 | DJ73: =AL73+AR73+AX73+BE73+BL73+BS73+BZ73+CF73+CL73+CR73+CX73+DD73 -> 0 | DK73: =AM73+AS73+AY73+BF73+BM73+BT73+CA73+CG73+CM73+CS73+CY73+DE73 -> 0 | DL73: =AN73+AT73+BC73+BJ73+BQ73+BX73+CB73+CH73+CN73+CT73+CZ73+DF73 -> 0 | DM73: =AO73+AU73+BA73+BH73+BO73+BV73+CC73+CI73+CO73+CU73+DA73+DG73 -> 0 | DN73: =DJ73+DL73 -> 0 | DO73: =DK73+DM73 -> 0
A74: 66 | B74: სიღნაღი | C74: P.2.775 | D74: (44) ქ. წნორი პაპუაშვილის უბნის რეაბილიტაცია (P.2.775) | E74: მშენებლობა | F74: =SUM(DN74) -> 22868 | G74: =I74+AK74+DN74 -> 32868 | H74: 40000 | I74: 0 | J74: 0 | K74: =AK74 -> 10000 | L74: =IF(AI74>0,I74+AK74-J74,0) -> 0 | M74: =I74+K74 -> 10000 | N74: =G74-M74 -> 22868 | O74: =IF(AND(AI74>0,DM74>0),"შეცდომაა! ერთზე მეტი ბოლო ჩაბარება!",IF(OR(AI74>0,DM74>0,),IF(AI74>0,I74+AK74,I74+AK74+DO74),IF(AND(I74=0,K74=0,DO74=0),"ნულოვანი შესრულება","მიმდინარეობს"))) -> 36863.12 | P74: 10000 | R74: =I74+P74 -> 10000 | S74: =Q74 -> 0 | T74: 30000 | X74: =T74+V74 -> 30000 | Y74: =U74+W74 -> 0 | AD74: =Z74+AB74 -> 0 | AE74: =AA74+AC74 -> 0 | AF74: =P74+T74+Z74 -> 40000 | AG74: =P74+U74+AA74 -> 10000 | AH74: =Q74+V74+AB74 -> 0 | AI74: =Q74+W74+AC74 -> 0 | AJ74: =AF74+AH74 -> 40000 | AK74: =AG74+AI74 -> 10000 | AP74: =AL74+AN74 -> 0 | AQ74: =AM74+AO74 -> 0 | AV74: =AR74+AT74 -> 0 | AW74: =AS74+AU74 -> 0 | BB74: =AX74+AZ74 -> 0 | BD74: =AY74+BA74 -> 0 | BH74: 26863.12 | BI74: =BE74+BG74 -> 0 | BJ74: 22868 | BK74: =BF74+BH74 -> 26863.12 | BP74: =BL74+BN74 -> 0 | BR74: =BM74+BO74 -> 0 | BW74: =BS74+BU74 -> 0 | BY74: =BT74+BV74 -> 0 | CD74: =BZ74+CB74 -> 0 | CE74: =CA74+CC74 -> 0 | CJ74: =CF74+CH74 -> 0 | CK74: =CG74+CI74 -> 0 | CP74: =CL74+CN74 -> 0 | CQ74: =CM74+CO74 -> 0 | CV74: =CR74+CT74 -> 0 | CW74: =CS74+CU74 -> 0 | DB74: =CX74+CZ74 -> 0 | DC74: =CY74+DA74 -> 0 | DH74: =DD74+DF74 -> 0 | DI74: =DE74+DG74 -> 0 | DJ74: =AL74+AR74+AX74+BE74+BL74+BS74+BZ74+CF74+CL74+CR74+CX74+DD74 -> 0 | DK74: =AM74+AS74+AY74+BF74+BM74+BT74+CA74+CG74+CM74+CS74+CY74+DE74 -> 0 | DL74: =AN74+AT74+BC74+BJ74+BQ74+BX74+CB74+CH74+CN74+CT74+CZ74+DF74 -> 22868 | DM74: =AO74+AU74+BA74+BH74+BO74+BV74+CC74+CI74+CO74+CU74+DA74+DG74 -> 26863.12 | DN74: =DJ74+DL74 -> 22868 | DO74: =DK74+DM74 -> 26863.12
A75: 67 | B75: ყვარელი | C75: P.2.1117 | D75: (39) ქ. ყვარელი, ელადის ქუჩის მიწისქვეშა დაბალი წნევის გაზსადენის რეაბილიტაცია 57.06.56.000.182-დან 57.06.51.000.454-მდე (P.2.1117) | E75: დაპროექტება | F75: =SUM(DN75) -> 0 | G75: =I75+AK75+DN75 -> 945 | I75: 0 | J75: 0 | K75: =AK75 -> 945 | L75: =IF(AI75>0,I75+AK75-J75,0) -> 945 | M75: =I75+K75 -> 945 | N75: =G75-M75 -> 0 | O75: =IF(AND(AI75>0,DM75>0),"შეცდომაა! ერთზე მეტი ბოლო ჩაბარება!",IF(OR(AI75>0,DM75>0,),IF(AI75>0,I75+AK75,I75+AK75+DO75),IF(AND(I75=0,K75=0,DO75=0),"ნულოვანი შესრულება","მიმდინარეობს"))) -> 945 | Q75: 945 | R75: =I75+P75 -> 0 | S75: =Q75 -> 945 | X75: =T75+V75 -> 0 | Y75: =U75+W75 -> 0 | AD75: =Z75+AB75 -> 0 | AE75: =AA75+AC75 -> 0 | AF75: =P75+T75+Z75 -> 0 | AG75: =P75+U75+AA75 -> 0 | AH75: =Q75+V75+AB75 -> 945 | AI75: =Q75+W75+AC75 -> 945 | AJ75: =AF75+AH75 -> 945 | AK75: =AG75+AI75 -> 945 | AP75: =AL75+AN75 -> 0 | AQ75: =AM75+AO75 -> 0 | AV75: =AR75+AT75 -> 0 | AW75: =AS75+AU75 -> 0 | BB75: =AX75+AZ75 -> 0 | BD75: =AY75+BA75 -> 0 | BI75: =BE75+BG75 -> 0 | BK75: =BF75+BH75 -> 0 | BP75: =BL75+BN75 -> 0 | BR75: =BM75+BO75 -> 0 | BW75: =BS75+BU75 -> 0 | BY75: =BT75+BV75 -> 0 | CD75: =BZ75+CB75 -> 0 | CE75: =CA75+CC75 -> 0 | CJ75: =CF75+CH75 -> 0 | CK75: =CG75+CI75 -> 0 | CP75: =CL75+CN75 -> 0 | CQ75: =CM75+CO75 -> 0 | CV75: =CR75+CT75 -> 0 | CW75: =CS75+CU75 -> 0 | DB75: =CX75+CZ75 -> 0 | DC75: =CY75+DA75 -> 0 | DH75: =DD75+DF75 -> 0 | DI75: =DE75+DG75 -> 0 | DJ75: =AL75+AR75+AX75+BE75+BL75+BS75+BZ75+CF75+CL75+CR75+CX75+DD75 -> 0 | DK75: =AM75+AS75+AY75+BF75+BM75+BT75+CA75+CG75+CM75+CS75+CY75+DE75 -> 0 | DL75: =AN75+AT75+BC75+BJ75+BQ75+BX75+CB75+CH75+CN75+CT75+CZ75+DF75 -> 0 | DM75: =AO75+AU75+BA75+BH75+BO75+BV75+CC75+CI75+CO75+CU75+DA75+DG75 -> 0 | DN75: =DJ75+DL75 -> 0 | DO75: =DK75+DM75 -> 0
A76: 68 | B76: ყვარელი | C76: P.2.1116 | D76: (45) ქ. ყვარელი, ანდრია ბენაშვილის (ერეკლეს) ქუჩის მიწისქვეშა დაბალი წნევის გაზსადენის რეაბილიტაცია 57.06.56.000.154-დან 57.06.51.000.213-მდე (P.2.1116) | E76: მშენებლობა | F76: =SUM(DN76) -> 0 | G76: =I76+AK76+DN76 -> 0 | H76: 35000 | I76: 0 | J76: 0 | K76: =AK76 -> 0 | L76: =IF(AI76>0,I76+AK76-J76,0) -> 0 | M76: =I76+K76 -> 0 | N76: =G76-M76 -> 0 | O76: =IF(AND(AI76>0,DM76>0),"შეცდომაა! ერთზე მეტი ბოლო ჩაბარება!",IF(OR(AI76>0,DM76>0,),IF(AI76>0,I76+AK76,I76+AK76+DO76),IF(AND(I76=0,K76=0,DO76=0),"ნულოვანი შესრულება","მიმდინარეობს"))) -> ნულოვანი შესრულება | R76: =I76+P76 -> 0 | S76: =Q76 -> 0 | X76: =T76+V76 -> 0 | Y76: =U76+W76 -> 0 | AD76: =Z76+AB76 -> 0 | AE76: =AA76+AC76 -> 0 | AF76: =P76+T76+Z76 -> 0 | AG76: =P76+U76+AA76 -> 0 | AH76: =Q76+V76+AB76 -> 0 | AI76: =Q76+W76+AC76 -> 0 | AJ76: =AF76+AH76 -> 0 | AK76: =AG76+AI76 -> 0 | AP76: =AL76+AN76 -> 0 | AQ76: =AM76+AO76 -> 0 | AV76: =AR76+AT76 -> 0 | AW76: =AS76+AU76 -> 0 | BB76: =AX76+AZ76 -> 0 | BD76: =AY76+BA76 -> 0 | BI76: =BE76+BG76 -> 0 | BK76: =BF76+BH76 -> 0 | BP76: =BL76+BN76 -> 0 | BR76: =BM76+BO76 -> 0 | BW76: =BS76+BU76 -> 0 | BY76: =BT76+BV76 -> 0 | CD76: =BZ76+CB76 -> 0 | CE76: =CA76+CC76 -> 0 | CJ76: =CF76+CH76 -> 0 | CK76: =CG76+CI76 -> 0 | CP76: =CL76+CN76 -> 0 | CQ76: =CM76+CO76 -> 0 | CV76: =CR76+CT76 -> 0 | CW76: =CS76+CU76 -> 0 | DB76: =CX76+CZ76 -> 0 | DC76: =CY76+DA76 -> 0 | DH76: =DD76+DF76 -> 0 | DI76: =DE76+DG76 -> 0 | DJ76: =AL76+AR76+AX76+BE76+BL76+BS76+BZ76+CF76+CL76+CR76+CX76+DD76 -> 0 | DK76: =AM76+AS76+AY76+BF76+BM76+BT76+CA76+CG76+CM76+CS76+CY76+DE76 -> 0 | DL76: =AN76+AT76+BC76+BJ76+BQ76+BX76+CB76+CH76+CN76+CT76+CZ76+DF76 -> 0 | DM76: =AO76+AU76+BA76+BH76+BO76+BV76+CC76+CI76+CO76+CU76+DA76+DG76 -> 0 | DN76: =DJ76+DL76 -> 0 | DO76: =DK76+DM76 -> 0
A77: 69 | B77: სიღნაღი | C77: P.2.775 | D77: (43) ქ. წნორი პაპუაშვილის უბნის რეაბილიტაცია (P.2.775) | E77: დაპროექტება | F77: =SUM(DN77) -> 0 | G77: =I77+AK77+DN77 -> 985.25 | I77: 0 | J77: 0 | K77: =AK77 -> 985.25 | L77: =IF(AI77>0,I77+AK77-J77,0) -> 985.25 | M77: =I77+K77 -> 985.25 | N77: =G77-M77 -> 0 | O77: =IF(AND(AI77>0,DM77>0),"შეცდომაა! ერთზე მეტი ბოლო ჩაბარება!",IF(OR(AI77>0,DM77>0,),IF(AI77>0,I77+AK77,I77+AK77+DO77),IF(AND(I77=0,K77=0,DO77=0),"ნულოვანი შესრულება","მიმდინარეობს"))) -> 985.25 | Q77: 985.25 | R77: =I77+P77 -> 0 | S77: =Q77 -> 985.25 | X77: =T77+V77 -> 0 | Y77: =U77+W77 -> 0 | AD77: =Z77+AB77 -> 0 | AE77: =AA77+AC77 -> 0 | AF77: =P77+T77+Z77 -> 0 | AG77: =P77+U77+AA77 -> 0 | AH77: =Q77+V77+AB77 -> 985.25 | AI77: =Q77+W77+AC77 -> 985.25 | AJ77: =AF77+AH77 -> 985.25 | AK77: =AG77+AI77 -> 985.25 | AP77: =AL77+AN77 -> 0 | AQ77: =AM77+AO77 -> 0 | AV77: =AR77+AT77 -> 0 | AW77: =AS77+AU77 -> 0 | BB77: =AX77+AZ77 -> 0 | BD77: =AY77+BA77 -> 0 | BI77: =BE77+BG77 -> 0 | BK77: =BF77+BH77 -> 0 | BP77: =BL77+BN77 -> 0 | BR77: =BM77+BO77 -> 0 | BW77: =BS77+BU77 -> 0 | BY77: =BT77+BV77 -> 0 | CD77: =BZ77+CB77 -> 0 | CE77: =CA77+CC77 -> 0 | CJ77: =CF77+CH77 -> 0 | CK77: =CG77+CI77 -> 0 | CP77: =CL77+CN77 -> 0 | CQ77: =CM77+CO77 -> 0 | CV77: =CR77+CT77 -> 0 | CW77: =CS77+CU77 -> 0 | DB77: =CX77+CZ77 -> 0 | DC77: =CY77+DA77 -> 0 | DH77: =DD77+DF77 -> 0 | DI77: =DE77+DG77 -> 0 | DJ77: =AL77+AR77+AX77+BE77+BL77+BS77+BZ77+CF77+CL77+CR77+CX77+DD77 -> 0 | DK77: =AM77+AS77+AY77+BF77+BM77+BT77+CA77+CG77+CM77+CS77+CY77+DE77 -> 0 | DL77: =AN77+AT77+BC77+BJ77+BQ77+BX77+CB77+CH77+CN77+CT77+CZ77+DF77 -> 0 | DM77: =AO77+AU77+BA77+BH77+BO77+BV77+CC77+CI77+CO77+CU77+DA77+DG77 -> 0 | DN77: =DJ77+DL77 -> 0 | DO77: =DK77+DM77 -> 0
A78: 70 | B78: სიღნაღი | C78: P.2.791 | D78: (54) ქ. წნორი ნოდარ მოლაშვილის უბნის რეაბილიტაცია (P.2.791) | E78: მშენებლობა | F78: =SUM(DN78) -> 0 | G78: =I78+AK78+DN78 -> 0 | H78: 20000 | I78: 0 | J78: 0 | K78: =AK78 -> 0 | L78: =IF(AI78>0,I78+AK78-J78,0) -> 0 | M78: =I78+K78 -> 0 | N78: =G78-M78 -> 0 | O78: =IF(AND(AI78>0,DM78>0),"შეცდომაა! ერთზე მეტი ბოლო ჩაბარება!",IF(OR(AI78>0,DM78>0,),IF(AI78>0,I78+AK78,I78+AK78+DO78),IF(AND(I78=0,K78=0,DO78=0),"ნულოვანი შესრულება","მიმდინარეობს"))) -> ნულოვანი შესრულება | R78: =I78+P78 -> 0 | S78: =Q78 -> 0 | X78: =T78+V78 -> 0 | Y78: =U78+W78 -> 0 | AD78: =Z78+AB78 -> 0 | AE78: =AA78+AC78 -> 0 | AF78: =P78+T78+Z78 -> 0 | AG78: =P78+U78+AA78 -> 0 | AH78: =Q78+V78+AB78 -> 0 | AI78: =Q78+W78+AC78 -> 0 | AJ78: =AF78+AH78 -> 0 | AK78: =AG78+AI78 -> 0 | AP78: =AL78+AN78 -> 0 | AQ78: =AM78+AO78 -> 0 | AV78: =AR78+AT78 -> 0 | AW78: =AS78+AU78 -> 0 | BB78: =AX78+AZ78 -> 0 | BD78: =AY78+BA78 -> 0 | BI78: =BE78+BG78 -> 0 | BK78: =BF78+BH78 -> 0 | BP78: =BL78+BN78 -> 0 | BR78: =BM78+BO78 -> 0 | BW78: =BS78+BU78 -> 0 | BY78: =BT78+BV78 -> 0 | CD78: =BZ78+CB78 -> 0 | CE78: =CA78+CC78 -> 0 | CJ78: =CF78+CH78 -> 0 | CK78: =CG78+CI78 -> 0 | CP78: =CL78+CN78 -> 0 | CQ78: =CM78+CO78 -> 0 | CV78: =CR78+CT78 -> 0 | CW78: =CS78+CU78 -> 0 | DB78: =CX78+CZ78 -> 0 | DC78: =CY78+DA78 -> 0 | DH78: =DD78+DF78 -> 0 | DI78: =DE78+DG78 -> 0 | DJ78: =AL78+AR78+AX78+BE78+BL78+BS78+BZ78+CF78+CL78+CR78+CX78+DD78 -> 0 | DK78: =AM78+AS78+AY78+BF78+BM78+BT78+CA78+CG78+CM78+CS78+CY78+DE78 -> 0 | DL78: =AN78+AT78+BC78+BJ78+BQ78+BX78+CB78+CH78+CN78+CT78+CZ78+DF78 -> 0 | DM78: =AO78+AU78+BA78+BH78+BO78+BV78+CC78+CI78+CO78+CU78+DA78+DG78 -> 0 | DN78: =DJ78+DL78 -> 0 | DO78: =DK78+DM78 -> 0
A79: 71 | B79: საგარეჯო | C79: P.2.972 | D79: (27) საგარეჯო,სოფ. გიორგიწმნდის 08 საუბნო მრიცხველის შემდეგ გამავალი ფოლადის საჰაერო გაზსადენისა და საყრდენების ზედაპირის ფართობის ორ პირზე საღებავით შეღებვა (P.2.972) | E79: მშენებლობა | F79: =SUM(DN79) -> 63836 | G79: =I79+AK79+DN79 -> 113836 | H79: 90000 | I79: 0 | J79: 0 | K79: =AK79 -> 50000 | L79: =IF(AI79>0,I79+AK79-J79,0) -> 0 | M79: =I79+K79 -> 50000 | N79: =G79-M79 -> 63836 | O79: =IF(AND(AI79>0,DM79>0),"შეცდომაა! ერთზე მეტი ბოლო ჩაბარება!",IF(OR(AI79>0,DM79>0,),IF(AI79>0,I79+AK79,I79+AK79+DO79),IF(AND(I79=0,K79=0,DO79=0),"ნულოვანი შესრულება","მიმდინარეობს"))) -> მიმდინარეობს | P79: 50000 | R79: =I79+P79 -> 50000 | S79: =Q79 -> 0 | X79: =T79+V79 -> 0 | Y79: =U79+W79 -> 0 | AD79: =Z79+AB79 -> 0 | AE79: =AA79+AC79 -> 0 | AF79: =P79+T79+Z79 -> 50000 | AG79: =P79+U79+AA79 -> 50000 | AH79: =Q79+V79+AB79 -> 0 | AI79: =Q79+W79+AC79 -> 0 | AJ79: =AF79+AH79 -> 50000 | AK79: =AG79+AI79 -> 50000 | AP79: =AL79+AN79 -> 0 | AQ79: =AM79+AO79 -> 0 | AV79: =AR79+AT79 -> 0 | AW79: =AS79+AU79 -> 0 | AY79: 30000 | BB79: =AX79+AZ79 -> 0 | BC79: 30000 | BD79: =AY79+BA79 -> 30000 | BF79: 10000 | BI79: =BE79+BG79 -> 0 | BJ79: 10000 | BK79: =BF79+BH79 -> 10000 | BM79: 20000 | BP79: =BL79+BN79 -> 0 | BQ79: 20000 | BR79: =BM79+BO79 -> 20000 | BW79: =BS79+BU79 -> 0 | BX79: 3836 | BY79: =BT79+BV79 -> 0 | CD79: =BZ79+CB79 -> 0 | CE79: =CA79+CC79 -> 0 | CJ79: =CF79+CH79 -> 0 | CK79: =CG79+CI79 -> 0 | CP79: =CL79+CN79 -> 0 | CQ79: =CM79+CO79 -> 0 | CV79: =CR79+CT79 -> 0 | CW79: =CS79+CU79 -> 0 | DB79: =CX79+CZ79 -> 0 | DC79: =CY79+DA79 -> 0 | DH79: =DD79+DF79 -> 0 | DI79: =DE79+DG79 -> 0 | DJ79: =AL79+AR79+AX79+BE79+BL79+BS79+BZ79+CF79+CL79+CR79+CX79+DD79 -> 0 | DK79: =AM79+AS79+AY79+BF79+BM79+BT79+CA79+CG79+CM79+CS79+CY79+DE79 -> 60000 | DL79: =AN79+AT79+BC79+BJ79+BQ79+BX79+CB79+CH79+CN79+CT79+CZ79+DF79 -> 63836 | DM79: =AO79+AU79+BA79+BH79+BO79+BV79+CC79+CI79+CO79+CU79+DA79+DG79 -> 0 | DN79: =DJ79+DL79 -> 63836 | DO79: =DK79+DM79 -> 60000
A80: 72 | B80: სიღნაღი | C80: P.2.791 | D80: (49) ქ. წნორი ნოდარ მოლაშვილის უბნის რეაბილიტაცია (P.2.791) | E80: დაპროექტება | F80: =SUM(DN80) -> 0 | G80: =I80+AK80+DN80 -> 416.5 | I80: 0 | J80: 0 | K80: =AK80 -> 416.5 | L80: =IF(AI80>0,I80+AK80-J80,0) -> 416.5 | M80: =I80+K80 -> 416.5 | N80: =G80-M80 -> 0 | O80: =IF(AND(AI80>0,DM80>0),"შეცდომაა! ერთზე მეტი ბოლო ჩაბარება!",IF(OR(AI80>0,DM80>0,),IF(AI80>0,I80+AK80,I80+AK80+DO80),IF(AND(I80=0,K80=0,DO80=0),"ნულოვანი შესრულება","მიმდინარეობს"))) -> 416.5 | Q80: 416.5 | R80: =I80+P80 -> 0 | S80: =Q80 -> 416.5 | X80: =T80+V80 -> 0 | Y80: =U80+W80 -> 0 | AD80: =Z80+AB80 -> 0 | AE80: =AA80+AC80 -> 0 | AF80: =P80+T80+Z80 -> 0 | AG80: =P80+U80+AA80 -> 0 | AH80: =Q80+V80+AB80 -> 416.5 | AI80: =Q80+W80+AC80 -> 416.5 | AJ80: =AF80+AH80 -> 416.5 | AK80: =AG80+AI80 -> 416.5 | AP80: =AL80+AN80 -> 0 | AQ80: =AM80+AO80 -> 0 | AV80: =AR80+AT80 -> 0 | AW80: =AS80+AU80 -> 0 | BB80: =AX80+AZ80 -> 0 | BD80: =AY80+BA80 -> 0 | BI80: =BE80+BG80 -> 0 | BK80: =BF80+BH80 -> 0 | BP80: =BL80+BN80 -> 0 | BR80: =BM80+BO80 -> 0 | BW80: =BS80+BU80 -> 0 | BY80: =BT80+BV80 -> 0 | CD80: =BZ80+CB80 -> 0 | CE80: =CA80+CC80 -> 0 | CJ80: =CF80+CH80 -> 0 | CK80: =CG80+CI80 -> 0 | CP80: =CL80+CN80 -> 0 | CQ80: =CM80+CO80 -> 0 | CV80: =CR80+CT80 -> 0 | CW80: =CS80+CU80 -> 0 | DB80: =CX80+CZ80 -> 0 | DC80: =CY80+DA80 -> 0 | DH80: =DD80+DF80 -> 0 | DI80: =DE80+DG80 -> 0 | DJ80: =AL80+AR80+AX80+BE80+BL80+BS80+BZ80+CF80+CL80+CR80+CX80+DD80 -> 0 | DK80: =AM80+AS80+AY80+BF80+BM80+BT80+CA80+CG80+CM80+CS80+CY80+DE80 -> 0 | DL80: =AN80+AT80+BC80+BJ80+BQ80+BX80+CB80+CH80+CN80+CT80+CZ80+DF80 -> 0 | DM80: =AO80+AU80+BA80+BH80+BO80+BV80+CC80+CI80+CO80+CU80+DA80+DG80 -> 0 | DN80: =DJ80+DL80 -> 0 | DO80: =DK80+DM80 -> 0
A81: 73 | B81: სიღნაღი | C81: P.2.777 | D81: (53) სოფ. საქობო კლუბის უბნის გაზსადენის რეაბილიტაცია (P.2.777) | E81: მშენებლობა | F81: =SUM(DN81) -> 0 | G81: =I81+AK81+DN81 -> 0 | H81: 25000 | I81: 0 | J81: 0 | K81: =AK81 -> 0 | L81: =IF(AI81>0,I81+AK81-J81,0) -> 0 | M81: =I81+K81 -> 0 | N81: =G81-M81 -> 0 | O81: =IF(AND(AI81>0,DM81>0),"შეცდომაა! ერთზე მეტი ბოლო ჩაბარება!",IF(OR(AI81>0,DM81>0,),IF(AI81>0,I81+AK81,I81+AK81+DO81),IF(AND(I81=0,K81=0,DO81=0),"ნულოვანი შესრულება","მიმდინარეობს"))) -> ნულოვანი შესრულება | R81: =I81+P81 -> 0 | S81: =Q81 -> 0 | X81: =T81+V81 -> 0 | Y81: =U81+W81 -> 0 | AD81: =Z81+AB81 -> 0 | AE81: =AA81+AC81 -> 0 | AF81: =P81+T81+Z81 -> 0 | AG81: =P81+U81+AA81 -> 0 | AH81: =Q81+V81+AB81 -> 0 | AI81: =Q81+W81+AC81 -> 0 | AJ81: =AF81+AH81 -> 0 | AK81: =AG81+AI81 -> 0 | AP81: =AL81+AN81 -> 0 | AQ81: =AM81+AO81 -> 0 | AV81: =AR81+AT81 -> 0 | AW81: =AS81+AU81 -> 0 | BB81: =AX81+AZ81 -> 0 | BD81: =AY81+BA81 -> 0 | BI81: =BE81+BG81 -> 0 | BK81: =BF81+BH81 -> 0 | BP81: =BL81+BN81 -> 0 | BR81: =BM81+BO81 -> 0 | BW81: =BS81+BU81 -> 0 | BY81: =BT81+BV81 -> 0 | CD81: =BZ81+CB81 -> 0 | CE81: =CA81+CC81 -> 0 | CJ81: =CF81+CH81 -> 0 | CK81: =CG81+CI81 -> 0 | CP81: =CL81+CN81 -> 0 | CQ81: =CM81+CO81 -> 0 | CV81: =CR81+CT81 -> 0 | CW81: =CS81+CU81 -> 0 | DB81: =CX81+CZ81 -> 0 | DC81: =CY81+DA81 -> 0 | DH81: =DD81+DF81 -> 0 | DI81: =DE81+DG81 -> 0 | DJ81: =AL81+AR81+AX81+BE81+BL81+BS81+BZ81+CF81+CL81+CR81+CX81+DD81 -> 0 | DK81: =AM81+AS81+AY81+BF81+BM81+BT81+CA81+CG81+CM81+CS81+CY81+DE81 -> 0 | DL81: =AN81+AT81+BC81+BJ81+BQ81+BX81+CB81+CH81+CN81+CT81+CZ81+DF81 -> 0 | DM81: =AO81+AU81+BA81+BH81+BO81+BV81+CC81+CI81+CO81+CU81+DA81+DG81 -> 0 | DN81: =DJ81+DL81 -> 0 | DO81: =DK81+DM81 -> 0
A82: 74 | B82: დმანისი | C82: P.2.174 | D82: 1.1.1. В г. Дманиси. с.Гантиади, c. Тнуси и с. Джавахи замена корозированного стального газопровода. (P.2.174) (проектирование и строительство) | E82: მშენებლობა | F82: =SUM(DN82) -> 1655 | G82: =I82+AK82+DN82 -> 211371.25 | H82: 190000 | I82: 4716.25 | J82: 0 | K82: =AK82 -> 205000 | L82: =IF(AI82>0,I82+AK82-J82,0) -> 0 | M82: =I82+K82 -> 209716.25 | N82: =G82-M82 -> 1655 | O82: =IF(AND(AI82>0,DM82>0),"შეცდომაა! ერთზე მეტი ბოლო ჩაბარება!",IF(OR(AI82>0,DM82>0,),IF(AI82>0,I82+AK82,I82+AK82+DO82),IF(AND(I82=0,K82=0,DO82=0),"ნულოვანი შესრულება","მიმდინარეობს"))) -> 211371.77 | P82: 205000 | R82: =I82+P82 -> 209716.25 | S82: =Q82 -> 0 | V82: 5000 | X82: =T82+V82 -> 5000 | Y82: =U82+W82 -> 0 | AD82: =Z82+AB82 -> 0 | AE82: =AA82+AC82 -> 0 | AF82: =P82+T82+Z82 -> 205000 | AG82: =P82+U82+AA82 -> 205000 | AH82: =Q82+V82+AB82 -> 5000 | AI82: =Q82+W82+AC82 -> 0 | AJ82: =AF82+AH82 -> 210000 | AK82: =AG82+AI82 -> 205000 | AN82: 1655 | AO82: 1655.52 | AP82: =AL82+AN82 -> 1655 | AQ82: =AM82+AO82 -> 1655.52 | AV82: =AR82+AT82 -> 0 | AW82: =AS82+AU82 -> 0 | BB82: =AX82+AZ82 -> 0 | BD82: =AY82+BA82 -> 0 | BI82: =BE82+BG82 -> 0 | BK82: =BF82+BH82 -> 0 | BP82: =BL82+BN82 -> 0 | BR82: =BM82+BO82 -> 0 | BW82: =BS82+BU82 -> 0 | BY82: =BT82+BV82 -> 0 | CD82: =BZ82+CB82 -> 0 | CE82: =CA82+CC82 -> 0 | CJ82: =CF82+CH82 -> 0 | CK82: =CG82+CI82 -> 0 | CP82: =CL82+CN82 -> 0 | CQ82: =CM82+CO82 -> 0 | CV82: =CR82+CT82 -> 0 | CW82: =CS82+CU82 -> 0 | DB82: =CX82+CZ82 -> 0 | DC82: =CY82+DA82 -> 0 | DH82: =DD82+DF82 -> 0 | DI82: =DE82+DG82 -> 0 | DJ82: =AL82+AR82+AX82+BE82+BL82+BS82+BZ82+CF82+CL82+CR82+CX82+DD82 -> 0 | DK82: =AM82+AS82+AY82+BF82+BM82+BT82+CA82+CG82+CM82+CS82+CY82+DE82 -> 0 | DL82: =AN82+AT82+BC82+BJ82+BQ82+BX82+CB82+CH82+CN82+CT82+CZ82+DF82 -> 1655 | DM82: =AO82+AU82+BA82+BH82+BO82+BV82+CC82+CI82+CO82+CU82+DA82+DG82 -> 1655.52 | DN82: =DJ82+DL82 -> 1655 | DO82: =DK82+DM82 -> 1655.52
A83: 75 | B83: გურჯაანი | C83: P.2.863 | D83: (28) მე-16 საუბნო კვანძზე (ღვინის ქარხანასთან, სვარჩიკი მევლუდას უბანი) საშუალო წნევის გაზსადენის რეაბილიტაცია. P.2.863 | E83: მშენებლობა | F83: =SUM(DN83) -> 0 | G83: =I83+AK83+DN83 -> 60000 | H83: 30000 | I83: 0 | J83: 0 | K83: =AK83 -> 60000 | L83: =IF(AI83>0,I83+AK83-J83,0) -> 0 | M83: =I83+K83 -> 60000 | N83: =G83-M83 -> 0 | O83: =IF(AND(AI83>0,DM83>0),"შეცდომაა! ერთზე მეტი ბოლო ჩაბარება!",IF(OR(AI83>0,DM83>0,),IF(AI83>0,I83+AK83,I83+AK83+DO83),IF(AND(I83=0,K83=0,DO83=0),"ნულოვანი შესრულება","მიმდინარეობს"))) -> მიმდინარეობს | P83: 60000 | R83: =I83+P83 -> 60000 | S83: =Q83 -> 0 | X83: =T83+V83 -> 0 | Y83: =U83+W83 -> 0 | AD83: =Z83+AB83 -> 0 | AE83: =AA83+AC83 -> 0 | AF83: =P83+T83+Z83 -> 60000 | AG83: =P83+U83+AA83 -> 60000 | AH83: =Q83+V83+AB83 -> 0 | AI83: =Q83+W83+AC83 -> 0 | AJ83: =AF83+AH83 -> 60000 | AK83: =AG83+AI83 -> 60000 | AP83: =AL83+AN83 -> 0 | AQ83: =AM83+AO83 -> 0 | AV83: =AR83+AT83 -> 0 | AW83: =AS83+AU83 -> 0 | BB83: =AX83+AZ83 -> 0 | BD83: =AY83+BA83 -> 0 | BI83: =BE83+BG83 -> 0 | BK83: =BF83+BH83 -> 0 | BP83: =BL83+BN83 -> 0 | BR83: =BM83+BO83 -> 0 | BW83: =BS83+BU83 -> 0 | BY83: =BT83+BV83 -> 0 | CD83: =BZ83+CB83 -> 0 | CE83: =CA83+CC83 -> 0 | CJ83: =CF83+CH83 -> 0 | CK83: =CG83+CI83 -> 0 | CP83: =CL83+CN83 -> 0 | CQ83: =CM83+CO83 -> 0 | CV83: =CR83+CT83 -> 0 | CW83: =CS83+CU83 -> 0 | DB83: =CX83+CZ83 -> 0 | DC83: =CY83+DA83 -> 0 | DH83: =DD83+DF83 -> 0 | DI83: =DE83+DG83 -> 0 | DJ83: =AL83+AR83+AX83+BE83+BL83+BS83+BZ83+CF83+CL83+CR83+CX83+DD83 -> 0 | DK83: =AM83+AS83+AY83+BF83+BM83+BT83+CA83+CG83+CM83+CS83+CY83+DE83 -> 0 | DL83: =AN83+AT83+BC83+BJ83+BQ83+BX83+CB83+CH83+CN83+CT83+CZ83+DF83 -> 0 | DM83: =AO83+AU83+BA83+BH83+BO83+BV83+CC83+CI83+CO83+CU83+DA83+DG83 -> 0 | DN83: =DJ83+DL83 -> 0 | DO83: =DK83+DM83 -> 0
A84: 76 | B84: საგარეჯო | C84: P.2.971 | D84: (48) საგარეჯო,სადგურის უბნის 07 საუბნო მრიცხველის შემდეგ გამავალი ფოლადის საჰაერო გაზსადენისა და საყრდენების შეღებვა (P.2.971) | E84: მშენებლობა | F84: =SUM(DN84) -> 0 | G84: =I84+AK84+DN84 -> 0 | H84: 30000 | I84: 0 | J84: 0 | K84: =AK84 -> 0 | L84: =IF(AI84>0,I84+AK84-J84,0) -> 0 | M84: =I84+K84 -> 0 | N84: =G84-M84 -> 0 | O84: =IF(AND(AI84>0,DM84>0),"შეცდომაა! ერთზე მეტი ბოლო ჩაბარება!",IF(OR(AI84>0,DM84>0,),IF(AI84>0,I84+AK84,I84+AK84+DO84),IF(AND(I84=0,K84=0,DO84=0),"ნულოვანი შესრულება","მიმდინარეობს"))) -> ნულოვანი შესრულება | R84: =I84+P84 -> 0 | S84: =Q84 -> 0 | X84: =T84+V84 -> 0 | Y84: =U84+W84 -> 0 | AD84: =Z84+AB84 -> 0 | AE84: =AA84+AC84 -> 0 | AF84: =P84+T84+Z84 -> 0 | AG84: =P84+U84+AA84 -> 0 | AH84: =Q84+V84+AB84 -> 0 | AI84: =Q84+W84+AC84 -> 0 | AJ84: =AF84+AH84 -> 0 | AK84: =AG84+AI84 -> 0 | AP84: =AL84+AN84 -> 0 | AQ84: =AM84+AO84 -> 0 | AV84: =AR84+AT84 -> 0 | AW84: =AS84+AU84 -> 0 | BB84: =AX84+AZ84 -> 0 | BD84: =AY84+BA84 -> 0 | BI84: =BE84+BG84 -> 0 | BK84: =BF84+BH84 -> 0 | BP84: =BL84+BN84 -> 0 | BR84: =BM84+BO84 -> 0 | BW84: =BS84+BU84 -> 0 | BY84: =BT84+BV84 -> 0 | CD84: =BZ84+CB84 -> 0 | CE84: =CA84+CC84 -> 0 | CJ84: =CF84+CH84 -> 0 | CK84: =CG84+CI84 -> 0 | CP84: =CL84+CN84 -> 0 | CQ84: =CM84+CO84 -> 0 | CV84: =CR84+CT84 -> 0 | CW84: =CS84+CU84 -> 0 | DB84: =CX84+CZ84 -> 0 | DC84: =CY84+DA84 -> 0 | DH84: =DD84+DF84 -> 0 | DI84: =DE84+DG84 -> 0 | DJ84: =AL84+AR84+AX84+BE84+BL84+BS84+BZ84+CF84+CL84+CR84+CX84+DD84 -> 0 | DK84: =AM84+AS84+AY84+BF84+BM84+BT84+CA84+CG84+CM84+CS84+CY84+DE84 -> 0 | DL84: =AN84+AT84+BC84+BJ84+BQ84+BX84+CB84+CH84+CN84+CT84+CZ84+DF84 -> 0 | DM84: =AO84+AU84+BA84+BH84+BO84+BV84+CC84+CI84+CO84+CU84+DA84+DG84 -> 0 | DN84: =DJ84+DL84 -> 0 | DO84: =DK84+DM84 -> 0
A85: 77 | B85: მარნეული | C85: P.2.1224 | D85: (27) ქ. მარნეული პირველ და მეორე ქუჩებზე გაზსადენის მოწყობა (P.2.1224) | E85: დაპროექტება | F85: =SUM(DN85) -> 0 | G85: =I85+AK85+DN85 -> 2619.75 | I85: 0 | J85: 0 | K85: =AK85 -> 2619.75 | L85: =IF(AI85>0,I85+AK85-J85,0) -> 2619.75 | M85: =I85+K85 -> 2619.75 | N85: =G85-M85 -> 0 | O85: =IF(AND(AI85>0,DM85>0),"შეცდომაა! ერთზე მეტი ბოლო ჩაბარება!",IF(OR(AI85>0,DM85>0,),IF(AI85>0,I85+AK85,I85+AK85+DO85),IF(AND(I85=0,K85=0,DO85=0),"ნულოვანი შესრულება","მიმდინარეობს"))) -> 2619.75 | Q85: 2619.75 | R85: =I85+P85 -> 0 | S85: =Q85 -> 2619.75 | X85: =T85+V85 -> 0 | Y85: =U85+W85 -> 0 | AD85: =Z85+AB85 -> 0 | AE85: =AA85+AC85 -> 0 | AF85: =P85+T85+Z85 -> 0 | AG85: =P85+U85+AA85 -> 0 | AH85: =Q85+V85+AB85 -> 2619.75 | AI85: =Q85+W85+AC85 -> 2619.75 | AJ85: =AF85+AH85 -> 2619.75 | AK85: =AG85+AI85 -> 2619.75 | AP85: =AL85+AN85 -> 0 | AQ85: =AM85+AO85 -> 0 | AV85: =AR85+AT85 -> 0 | AW85: =AS85+AU85 -> 0 | BB85: =AX85+AZ85 -> 0 | BD85: =AY85+BA85 -> 0 | BI85: =BE85+BG85 -> 0 | BK85: =BF85+BH85 -> 0 | BP85: =BL85+BN85 -> 0 | BR85: =BM85+BO85 -> 0 | BW85: =BS85+BU85 -> 0 | BY85: =BT85+BV85 -> 0 | CD85: =BZ85+CB85 -> 0 | CE85: =CA85+CC85 -> 0 | CJ85: =CF85+CH85 -> 0 | CK85: =CG85+CI85 -> 0 | CP85: =CL85+CN85 -> 0 | CQ85: =CM85+CO85 -> 0 | CV85: =CR85+CT85 -> 0 | CW85: =CS85+CU85 -> 0 | DB85: =CX85+CZ85 -> 0 | DC85: =CY85+DA85 -> 0 | DH85: =DD85+DF85 -> 0 | DI85: =DE85+DG85 -> 0 | DJ85: =AL85+AR85+AX85+BE85+BL85+BS85+BZ85+CF85+CL85+CR85+CX85+DD85 -> 0 | DK85: =AM85+AS85+AY85+BF85+BM85+BT85+CA85+CG85+CM85+CS85+CY85+DE85 -> 0 | DL85: =AN85+AT85+BC85+BJ85+BQ85+BX85+CB85+CH85+CN85+CT85+CZ85+DF85 -> 0 | DM85: =AO85+AU85+BA85+BH85+BO85+BV85+CC85+CI85+CO85+CU85+DA85+DG85 -> 0 | DN85: =DJ85+DL85 -> 0 | DO85: =DK85+DM85 -> 0
A86: 78 | B86: მარნეული | C86: P.2.927 | D86: (49) ქ მარნეული სოფ საიმერლო მე-36 საუბნო მრიცხველის შემდეგ გამავალი ფოლადის საჰაერო გაზსადენისა და საყრდენების შეღებვა (P.2.927) | E86: მშენებლობა | F86: =SUM(DN86) -> 0 | G86: =I86+AK86+DN86 -> 0 | H86: 30000 | I86: 0 | J86: 0 | K86: =AK86 -> 0 | L86: =IF(AI86>0,I86+AK86-J86,0) -> 0 | M86: =I86+K86 -> 0 | N86: =G86-M86 -> 0 | O86: =IF(AND(AI86>0,DM86>0),"შეცდომაა! ერთზე მეტი ბოლო ჩაბარება!",IF(OR(AI86>0,DM86>0,),IF(AI86>0,I86+AK86,I86+AK86+DO86),IF(AND(I86=0,K86=0,DO86=0),"ნულოვანი შესრულება","მიმდინარეობს"))) -> ნულოვანი შესრულება | R86: =I86+P86 -> 0 | S86: =Q86 -> 0 | X86: =T86+V86 -> 0 | Y86: =U86+W86 -> 0 | AD86: =Z86+AB86 -> 0 | AE86: =AA86+AC86 -> 0 | AF86: =P86+T86+Z86 -> 0 | AG86: =P86+U86+AA86 -> 0 | AH86: =Q86+V86+AB86 -> 0 | AI86: =Q86+W86+AC86 -> 0 | AJ86: =AF86+AH86 -> 0 | AK86: =AG86+AI86 -> 0 | AP86: =AL86+AN86 -> 0 | AQ86: =AM86+AO86 -> 0 | AV86: =AR86+AT86 -> 0 | AW86: =AS86+AU86 -> 0 | BB86: =AX86+AZ86 -> 0 | BC86: 0 | BD86: =AY86+BA86 -> 0 | BI86: =BE86+BG86 -> 0 | BK86: =BF86+BH86 -> 0 | BP86: =BL86+BN86 -> 0 | BR86: =BM86+BO86 -> 0 | BW86: =BS86+BU86 -> 0 | BY86: =BT86+BV86 -> 0 | CD86: =BZ86+CB86 -> 0 | CE86: =CA86+CC86 -> 0 | CJ86: =CF86+CH86 -> 0 | CK86: =CG86+CI86 -> 0 | CP86: =CL86+CN86 -> 0 | CQ86: =CM86+CO86 -> 0 | CV86: =CR86+CT86 -> 0 | CW86: =CS86+CU86 -> 0 | DB86: =CX86+CZ86 -> 0 | DC86: =CY86+DA86 -> 0 | DH86: =DD86+DF86 -> 0 | DI86: =DE86+DG86 -> 0 | DJ86: =AL86+AR86+AX86+BE86+BL86+BS86+BZ86+CF86+CL86+CR86+CX86+DD86 -> 0 | DK86: =AM86+AS86+AY86+BF86+BM86+BT86+CA86+CG86+CM86+CS86+CY86+DE86 -> 0 | DL86: =AN86+AT86+BC86+BJ86+BQ86+BX86+CB86+CH86+CN86+CT86+CZ86+DF86 -> 0 | DM86: =AO86+AU86+BA86+BH86+BO86+BV86+CC86+CI86+CO86+CU86+DA86+DG86 -> 0 | DN86: =DJ86+DL86 -> 0 | DO86: =DK86+DM86 -> 0
A87: 79 | B87: გურჯაანი | C87: P.2.860 | D87: (26)მე-13 საუბნო კვანძზე (სოფ. ჩუმლაყი, ცხავი ლეოს უბანი) (სოფ. ჩუმლაყი, ბოღმას თონიდან ლუკოილამდე, გზის ქვემოდან) (სოფ. ჩუმლაყი, ყიტაანის დასახვევი) (სოფ. ჩუმლაყი, ბაღის უბანი, ოთოს უბანი, სტადიონი) (სოფ. ჩუმლაყი, გაღმახევის იქიდან ტრასის ზევით ლიანდაგებამდე) რკინიგზის გადასასვლელთან გაზსადენების რეაბილიტაცია. | E87: მშენებლობა | F87: =SUM(DN87) -> 0 | G87: =I87+AK87+DN87 -> 483964.43 | H87: 160178 | I87: 380000 | J87: 0 | K87: =AK87 -> 103964.43 | L87: =IF(AI87>0,I87+AK87-J87,0) -> 483964.43 | M87: =I87+K87 -> 483964.43 | N87: =G87-M87 -> 0 | O87: =IF(AND(AI87>0,DM87>0),"შეცდომაა! ერთზე მეტი ბოლო ჩაბარება!",IF(OR(AI87>0,DM87>0,),IF(AI87>0,I87+AK87,I87+AK87+DO87),IF(AND(I87=0,K87=0,DO87=0),"ნულოვანი შესრულება","მიმდინარეობს"))) -> 483964.43 | P87: 70000 | Q87: 33964.43 | R87: =I87+P87 -> 450000 | S87: =Q87 -> 33964.43 | X87: =T87+V87 -> 0 | Y87: =U87+W87 -> 0 | AD87: =Z87+AB87 -> 0 | AE87: =AA87+AC87 -> 0 | AF87: =P87+T87+Z87 -> 70000 | AG87: =P87+U87+AA87 -> 70000 | AH87: =Q87+V87+AB87 -> 33964.43 | AI87: =Q87+W87+AC87 -> 33964.43 | AJ87: =AF87+AH87 -> 103964.43 | AK87: =AG87+AI87 -> 103964.43 | AP87: =AL87+AN87 -> 0 | AQ87: =AM87+AO87 -> 0 | AV87: =AR87+AT87 -> 0 | AW87: =AS87+AU87 -> 0 | BB87: =AX87+AZ87 -> 0 | BD87: =AY87+BA87 -> 0 | BI87: =BE87+BG87 -> 0 | BK87: =BF87+BH87 -> 0 | BP87: =BL87+BN87 -> 0 | BR87: =BM87+BO87 -> 0 | BW87: =BS87+BU87 -> 0 | BY87: =BT87+BV87 -> 0 | CD87: =BZ87+CB87 -> 0 | CE87: =CA87+CC87 -> 0 | CJ87: =CF87+CH87 -> 0 | CK87: =CG87+CI87 -> 0 | CP87: =CL87+CN87 -> 0 | CQ87: =CM87+CO87 -> 0 | CV87: =CR87+CT87 -> 0 | CW87: =CS87+CU87 -> 0 | DB87: =CX87+CZ87 -> 0 | DC87: =CY87+DA87 -> 0 | DH87: =DD87+DF87 -> 0 | DI87: =DE87+DG87 -> 0 | DJ87: =AL87+AR87+AX87+BE87+BL87+BS87+BZ87+CF87+CL87+CR87+CX87+DD87 -> 0 | DK87: =AM87+AS87+AY87+BF87+BM87+BT87+CA87+CG87+CM87+CS87+CY87+DE87 -> 0 | DL87: =AN87+AT87+BC87+BJ87+BQ87+BX87+CB87+CH87+CN87+CT87+CZ87+DF87 -> 0 | DM87: =AO87+AU87+BA87+BH87+BO87+BV87+CC87+CI87+CO87+CU87+DA87+DG87 -> 0 | DN87: =DJ87+DL87 -> 0 | DO87: =DK87+DM87 -> 0
A88: 80 | B88: გურჯაანი | C88: P.2.879 | D88: (50) სოფ. ვეჯინი გაზსადენის შეღებვა 50მმ დან 150მმ (P.2.879) | E88: მშენებლობა | F88: =SUM(DN88) -> 0 | G88: =I88+AK88+DN88 -> 0 | H88: 25000 | I88: 0 | J88: 0 | K88: =AK88 -> 0 | L88: =IF(AI88>0,I88+AK88-J88,0) -> 0 | M88: =I88+K88 -> 0 | N88: =G88-M88 -> 0 | O88: =IF(AND(AI88>0,DM88>0),"შეცდომაა! ერთზე მეტი ბოლო ჩაბარება!",IF(OR(AI88>0,DM88>0,),IF(AI88>0,I88+AK88,I88+AK88+DO88),IF(AND(I88=0,K88=0,DO88=0),"ნულოვანი შესრულება","მიმდინარეობს"))) -> ნულოვანი შესრულება | R88: =I88+P88 -> 0 | S88: =Q88 -> 0 | X88: =T88+V88 -> 0 | Y88: =U88+W88 -> 0 | AD88: =Z88+AB88 -> 0 | AE88: =AA88+AC88 -> 0 | AF88: =P88+T88+Z88 -> 0 | AG88: =P88+U88+AA88 -> 0 | AH88: =Q88+V88+AB88 -> 0 | AI88: =Q88+W88+AC88 -> 0 | AJ88: =AF88+AH88 -> 0 | AK88: =AG88+AI88 -> 0 | AP88: =AL88+AN88 -> 0 | AQ88: =AM88+AO88 -> 0 | AV88: =AR88+AT88 -> 0 | AW88: =AS88+AU88 -> 0 | BB88: =AX88+AZ88 -> 0 | BC88: 0 | BD88: =AY88+BA88 -> 0 | BI88: =BE88+BG88 -> 0 | BK88: =BF88+BH88 -> 0 | BP88: =BL88+BN88 -> 0 | BR88: =BM88+BO88 -> 0 | BW88: =BS88+BU88 -> 0 | BY88: =BT88+BV88 -> 0 | CD88: =BZ88+CB88 -> 0 | CE88: =CA88+CC88 -> 0 | CJ88: =CF88+CH88 -> 0 | CK88: =CG88+CI88 -> 0 | CP88: =CL88+CN88 -> 0 | CQ88: =CM88+CO88 -> 0 | CV88: =CR88+CT88 -> 0 | CW88: =CS88+CU88 -> 0 | DB88: =CX88+CZ88 -> 0 | DC88: =CY88+DA88 -> 0 | DH88: =DD88+DF88 -> 0 | DI88: =DE88+DG88 -> 0 | DJ88: =AL88+AR88+AX88+BE88+BL88+BS88+BZ88+CF88+CL88+CR88+CX88+DD88 -> 0 | DK88: =AM88+AS88+AY88+BF88+BM88+BT88+CA88+CG88+CM88+CS88+CY88+DE88 -> 0 | DL88: =AN88+AT88+BC88+BJ88+BQ88+BX88+CB88+CH88+CN88+CT88+CZ88+DF88 -> 0 | DM88: =AO88+AU88+BA88+BH88+BO88+BV88+CC88+CI88+CO88+CU88+DA88+DG88 -> 0 | DN88: =DJ88+DL88 -> 0 | DO88: =DK88+DM88 -> 0
A89: 81 | B89: მარნეული | C89: P.2.921 | D89: (55) ქ მარნეული ლაღიძის ქ მე-15 საუბნო მრიცხველის შემდეგ გამავალი ფოლადის საჰაერო გაზსადენისა და საყრდენების შეღებვა (P.2.921) | E89: მშენებლობა | F89: =SUM(DN89) -> 0 | G89: =I89+AK89+DN89 -> 0 | H89: 20000 | I89: 0 | J89: 0 | K89: =AK89 -> 0 | L89: =IF(AI89>0,I89+AK89-J89,0) -> 0 | M89: =I89+K89 -> 0 | N89: =G89-M89 -> 0 | O89: =IF(AND(AI89>0,DM89>0),"შეცდომაა! ერთზე მეტი ბოლო ჩაბარება!",IF(OR(AI89>0,DM89>0,),IF(AI89>0,I89+AK89,I89+AK89+DO89),IF(AND(I89=0,K89=0,DO89=0),"ნულოვანი შესრულება","მიმდინარეობს"))) -> ნულოვანი შესრულება | R89: =I89+P89 -> 0 | S89: =Q89 -> 0 | X89: =T89+V89 -> 0 | Y89: =U89+W89 -> 0 | AD89: =Z89+AB89 -> 0 | AE89: =AA89+AC89 -> 0 | AF89: =P89+T89+Z89 -> 0 | AG89: =P89+U89+AA89 -> 0 | AH89: =Q89+V89+AB89 -> 0 | AI89: =Q89+W89+AC89 -> 0 | AJ89: =AF89+AH89 -> 0 | AK89: =AG89+AI89 -> 0 | AP89: =AL89+AN89 -> 0 | AQ89: =AM89+AO89 -> 0 | AV89: =AR89+AT89 -> 0 | AW89: =AS89+AU89 -> 0 | BB89: =AX89+AZ89 -> 0 | BD89: =AY89+BA89 -> 0 | BI89: =BE89+BG89 -> 0 | BK89: =BF89+BH89 -> 0 | BP89: =BL89+BN89 -> 0 | BR89: =BM89+BO89 -> 0 | BW89: =BS89+BU89 -> 0 | BY89: =BT89+BV89 -> 0 | CD89: =BZ89+CB89 -> 0 | CE89: =CA89+CC89 -> 0 | CJ89: =CF89+CH89 -> 0 | CK89: =CG89+CI89 -> 0 | CP89: =CL89+CN89 -> 0 | CQ89: =CM89+CO89 -> 0 | CV89: =CR89+CT89 -> 0 | CW89: =CS89+CU89 -> 0 | DB89: =CX89+CZ89 -> 0 | DC89: =CY89+DA89 -> 0 | DH89: =DD89+DF89 -> 0 | DI89: =DE89+DG89 -> 0 | DJ89: =AL89+AR89+AX89+BE89+BL89+BS89+BZ89+CF89+CL89+CR89+CX89+DD89 -> 0 | DK89: =AM89+AS89+AY89+BF89+BM89+BT89+CA89+CG89+CM89+CS89+CY89+DE89 -> 0 | DL89: =AN89+AT89+BC89+BJ89+BQ89+BX89+CB89+CH89+CN89+CT89+CZ89+DF89 -> 0 | DM89: =AO89+AU89+BA89+BH89+BO89+BV89+CC89+CI89+CO89+CU89+DA89+DG89 -> 0 | DN89: =DJ89+DL89 -> 0 | DO89: =DK89+DM89 -> 0
A90: 82 | B90: მარნეული | C90: P.2.919 | D90: (56) იაღლურჯის ქუჩა მე-9 საუბნო მრიცხველის შემდეგ გამავალი ფოლადის საჰაერო გაზსადენისა და საყრდენების შეღებვა (P.2.919) | E90: მშენებლობა | F90: =SUM(DN90) -> 0 | G90: =I90+AK90+DN90 -> 0 | H90: 20000 | I90: 0 | J90: 0 | K90: =AK90 -> 0 | L90: =IF(AI90>0,I90+AK90-J90,0) -> 0 | M90: =I90+K90 -> 0 | N90: =G90-M90 -> 0 | O90: =IF(AND(AI90>0,DM90>0),"შეცდომაა! ერთზე მეტი ბოლო ჩაბარება!",IF(OR(AI90>0,DM90>0,),IF(AI90>0,I90+AK90,I90+AK90+DO90),IF(AND(I90=0,K90=0,DO90=0),"ნულოვანი შესრულება","მიმდინარეობს"))) -> ნულოვანი შესრულება | R90: =I90+P90 -> 0 | S90: =Q90 -> 0 | X90: =T90+V90 -> 0 | Y90: =U90+W90 -> 0 | AD90: =Z90+AB90 -> 0 | AE90: =AA90+AC90 -> 0 | AF90: =P90+T90+Z90 -> 0 | AG90: =P90+U90+AA90 -> 0 | AH90: =Q90+V90+AB90 -> 0 | AI90: =Q90+W90+AC90 -> 0 | AJ90: =AF90+AH90 -> 0 | AK90: =AG90+AI90 -> 0 | AP90: =AL90+AN90 -> 0 | AQ90: =AM90+AO90 -> 0 | AV90: =AR90+AT90 -> 0 | AW90: =AS90+AU90 -> 0 | BB90: =AX90+AZ90 -> 0 | BD90: =AY90+BA90 -> 0 | BI90: =BE90+BG90 -> 0 | BK90: =BF90+BH90 -> 0 | BP90: =BL90+BN90 -> 0 | BR90: =BM90+BO90 -> 0 | BW90: =BS90+BU90 -> 0 | BY90: =BT90+BV90 -> 0 | CD90: =BZ90+CB90 -> 0 | CE90: =CA90+CC90 -> 0 | CJ90: =CF90+CH90 -> 0 | CK90: =CG90+CI90 -> 0 | CP90: =CL90+CN90 -> 0 | CQ90: =CM90+CO90 -> 0 | CV90: =CR90+CT90 -> 0 | CW90: =CS90+CU90 -> 0 | DB90: =CX90+CZ90 -> 0 | DC90: =CY90+DA90 -> 0 | DH90: =DD90+DF90 -> 0 | DI90: =DE90+DG90 -> 0 | DJ90: =AL90+AR90+AX90+BE90+BL90+BS90+BZ90+CF90+CL90+CR90+CX90+DD90 -> 0 | DK90: =AM90+AS90+AY90+BF90+BM90+BT90+CA90+CG90+CM90+CS90+CY90+DE90 -> 0 | DL90: =AN90+AT90+BC90+BJ90+BQ90+BX90+CB90+CH90+CN90+CT90+CZ90+DF90 -> 0 | DM90: =AO90+AU90+BA90+BH90+BO90+BV90+CC90+CI90+CO90+CU90+DA90+DG90 -> 0 | DN90: =DJ90+DL90 -> 0 | DO90: =DK90+DM90 -> 0
A91: 83 | B91: საგარეჯო | C91: P.2.965 | D91: (57) საგარეჯო,სოფ. წყაროსთავის 02 საუბნო მრიცხველის შემდეგ გამავალი ფოლადის საჰაერო გაზსადენისა და საყრდენების შეღებვა (P.2.965) | E91: მშენებლობა | F91: =SUM(DN91) -> 0 | G91: =I91+AK91+DN91 -> 0 | H91: 20000 | I91: 0 | J91: 0 | K91: =AK91 -> 0 | L91: =IF(AI91>0,I91+AK91-J91,0) -> 0 | M91: =I91+K91 -> 0 | N91: =G91-M91 -> 0 | O91: =IF(AND(AI91>0,DM91>0),"შეცდომაა! ერთზე მეტი ბოლო ჩაბარება!",IF(OR(AI91>0,DM91>0,),IF(AI91>0,I91+AK91,I91+AK91+DO91),IF(AND(I91=0,K91=0,DO91=0),"ნულოვანი შესრულება","მიმდინარეობს"))) -> ნულოვანი შესრულება | R91: =I91+P91 -> 0 | S91: =Q91 -> 0 | X91: =T91+V91 -> 0 | Y91: =U91+W91 -> 0 | AD91: =Z91+AB91 -> 0 | AE91: =AA91+AC91 -> 0 | AF91: =P91+T91+Z91 -> 0 | AG91: =P91+U91+AA91 -> 0 | AH91: =Q91+V91+AB91 -> 0 | AI91: =Q91+W91+AC91 -> 0 | AJ91: =AF91+AH91 -> 0 | AK91: =AG91+AI91 -> 0 | AP91: =AL91+AN91 -> 0 | AQ91: =AM91+AO91 -> 0 | AV91: =AR91+AT91 -> 0 | AW91: =AS91+AU91 -> 0 | BB91: =AX91+AZ91 -> 0 | BD91: =AY91+BA91 -> 0 | BI91: =BE91+BG91 -> 0 | BK91: =BF91+BH91 -> 0 | BP91: =BL91+BN91 -> 0 | BR91: =BM91+BO91 -> 0 | BW91: =BS91+BU91 -> 0 | BY91: =BT91+BV91 -> 0 | CD91: =BZ91+CB91 -> 0 | CE91: =CA91+CC91 -> 0 | CJ91: =CF91+CH91 -> 0 | CK91: =CG91+CI91 -> 0 | CP91: =CL91+CN91 -> 0 | CQ91: =CM91+CO91 -> 0 | CV91: =CR91+CT91 -> 0 | CW91: =CS91+CU91 -> 0 | DB91: =CX91+CZ91 -> 0 | DC91: =CY91+DA91 -> 0 | DH91: =DD91+DF91 -> 0 | DI91: =DE91+DG91 -> 0 | DJ91: =AL91+AR91+AX91+BE91+BL91+BS91+BZ91+CF91+CL91+CR91+CX91+DD91 -> 0 | DK91: =AM91+AS91+AY91+BF91+BM91+BT91+CA91+CG91+CM91+CS91+CY91+DE91 -> 0 | DL91: =AN91+AT91+BC91+BJ91+BQ91+BX91+CB91+CH91+CN91+CT91+CZ91+DF91 -> 0 | DM91: =AO91+AU91+BA91+BH91+BO91+BV91+CC91+CI91+CO91+CU91+DA91+DG91 -> 0 | DN91: =DJ91+DL91 -> 0 | DO91: =DK91+DM91 -> 0
A92: 84 | B92: გარდაბანი | D92: მარტყოფი (აკრიანის არეალი)(I ეტაპი) | E92: დაპროექტება | F92: =SUM(DN92) -> 0 | G92: =I92+AK92+DN92 -> 22149.75 | H92: 20000 | I92: 0 | J92: 0 | K92: =AK92 -> 22149.75 | L92: =IF(AI92>0,I92+AK92-J92,0) -> 22149.75 | M92: =I92+K92 -> 22149.75 | N92: =G92-M92 -> 0 | O92: =IF(AND(AI92>0,DM92>0),"შეცდომაა! ერთზე მეტი ბოლო ჩაბარება!",IF(OR(AI92>0,DM92>0,),IF(AI92>0,I92+AK92,I92+AK92+DO92),IF(AND(I92=0,K92=0,DO92=0),"ნულოვანი შესრულება","მიმდინარეობს"))) -> 22149.75 | R92: =I92+P92 -> 0 | S92: =Q92 -> 0 | V92: 20000 | W92: 22149.75 | X92: =T92+V92 -> 20000 | Y92: =U92+W92 -> 22149.75 | AD92: =Z92+AB92 -> 0 | AE92: =AA92+AC92 -> 0 | AF92: =P92+T92+Z92 -> 0 | AG92: =P92+U92+AA92 -> 0 | AH92: =Q92+V92+AB92 -> 20000 | AI92: =Q92+W92+AC92 -> 22149.75 | AJ92: =AF92+AH92 -> 20000 | AK92: =AG92+AI92 -> 22149.75 | AP92: =AL92+AN92 -> 0 | AQ92: =AM92+AO92 -> 0 | AV92: =AR92+AT92 -> 0 | AW92: =AS92+AU92 -> 0 | BB92: =AX92+AZ92 -> 0 | BD92: =AY92+BA92 -> 0 | BI92: =BE92+BG92 -> 0 | BK92: =BF92+BH92 -> 0 | BP92: =BL92+BN92 -> 0 | BR92: =BM92+BO92 -> 0 | BW92: =BS92+BU92 -> 0 | BY92: =BT92+BV92 -> 0 | CD92: =BZ92+CB92 -> 0 | CE92: =CA92+CC92 -> 0 | CJ92: =CF92+CH92 -> 0 | CK92: =CG92+CI92 -> 0 | CP92: =CL92+CN92 -> 0 | CQ92: =CM92+CO92 -> 0 | CV92: =CR92+CT92 -> 0 | CW92: =CS92+CU92 -> 0 | DB92: =CX92+CZ92 -> 0 | DC92: =CY92+DA92 -> 0 | DH92: =DD92+DF92 -> 0 | DI92: =DE92+DG92 -> 0 | DJ92: =AL92+AR92+AX92+BE92+BL92+BS92+BZ92+CF92+CL92+CR92+CX92+DD92 -> 0 | DK92: =AM92+AS92+AY92+BF92+BM92+BT92+CA92+CG92+CM92+CS92+CY92+DE92 -> 0 | DL92: =AN92+AT92+BC92+BJ92+BQ92+BX92+CB92+CH92+CN92+CT92+CZ92+DF92 -> 0 | DM92: =AO92+AU92+BA92+BH92+BO92+BV92+CC92+CI92+CO92+CU92+DA92+DG92 -> 0 | DN92: =DJ92+DL92 -> 0 | DO92: =DK92+DM92 -> 0
A93: 85 | B93: გარდაბანი | C93: P.2.836 | D93: (10) გარდაბანი , სოფ. გამარჯვებაში არსებული . ამორტიზირებული საჰაერო გაზსადენის მოსახლეობის ეზოებიდან გარეთ გამოტანა დ76მმ-იანი. P.2.836 | E93: მშენებლობა | F93: =SUM(DN93) -> 0 | G93: =I93+AK93+DN93 -> 0 | H93: 17000 | I93: 0 | J93: 0 | K93: =AK93 -> 0 | L93: =IF(AI93>0,I93+AK93-J93,0) -> 0 | M93: =I93+K93 -> 0 | N93: =G93-M93 -> 0 | O93: =IF(AND(AI93>0,DM93>0),"შეცდომაა! ერთზე მეტი ბოლო ჩაბარება!",IF(OR(AI93>0,DM93>0,),IF(AI93>0,I93+AK93,I93+AK93+DO93),IF(AND(I93=0,K93=0,DO93=0),"ნულოვანი შესრულება","მიმდინარეობს"))) -> ნულოვანი შესრულება | R93: =I93+P93 -> 0 | S93: =Q93 -> 0 | X93: =T93+V93 -> 0 | Y93: =U93+W93 -> 0 | AD93: =Z93+AB93 -> 0 | AE93: =AA93+AC93 -> 0 | AF93: =P93+T93+Z93 -> 0 | AG93: =P93+U93+AA93 -> 0 | AH93: =Q93+V93+AB93 -> 0 | AI93: =Q93+W93+AC93 -> 0 | AJ93: =AF93+AH93 -> 0 | AK93: =AG93+AI93 -> 0 | AP93: =AL93+AN93 -> 0 | AQ93: =AM93+AO93 -> 0 | AV93: =AR93+AT93 -> 0 | AW93: =AS93+AU93 -> 0 | BB93: =AX93+AZ93 -> 0 | BD93: =AY93+BA93 -> 0 | BI93: =BE93+BG93 -> 0 | BK93: =BF93+BH93 -> 0 | BP93: =BL93+BN93 -> 0 | BR93: =BM93+BO93 -> 0 | BW93: =BS93+BU93 -> 0 | BY93: =BT93+BV93 -> 0 | CD93: =BZ93+CB93 -> 0 | CE93: =CA93+CC93 -> 0 | CJ93: =CF93+CH93 -> 0 | CK93: =CG93+CI93 -> 0 | CP93: =CL93+CN93 -> 0 | CQ93: =CM93+CO93 -> 0 | CV93: =CR93+CT93 -> 0 | CW93: =CS93+CU93 -> 0 | DB93: =CX93+CZ93 -> 0 | DC93: =CY93+DA93 -> 0 | DH93: =DD93+DF93 -> 0 | DI93: =DE93+DG93 -> 0 | DJ93: =AL93+AR93+AX93+BE93+BL93+BS93+BZ93+CF93+CL93+CR93+CX93+DD93 -> 0 | DK93: =AM93+AS93+AY93+BF93+BM93+BT93+CA93+CG93+CM93+CS93+CY93+DE93 -> 0 | DL93: =AN93+AT93+BC93+BJ93+BQ93+BX93+CB93+CH93+CN93+CT93+CZ93+DF93 -> 0 | DM93: =AO93+AU93+BA93+BH93+BO93+BV93+CC93+CI93+CO93+CU93+DA93+DG93 -> 0 | DN93: =DJ93+DL93 -> 0 | DO93: =DK93+DM93 -> 0
A94: 86 | B94: გურჯაანი | C94: P.2.865 | D94: (30) მე-19 საუბნო კვანძზე (ველისციხე- ახაშნიდან ტირიფის და მიმდებარე ქუჩა, ორივე მხარეს) დაბალი წნევის გაზსადენის რეაბილიტაცია. P.2.865 | E94: მშენებლობა | F94: =SUM(DN94) -> 43419 | G94: =I94+AK94+DN94 -> 93419 | H94: 45000 | I94: 0 | J94: 0 | K94: =AK94 -> 50000 | L94: =IF(AI94>0,I94+AK94-J94,0) -> 0 | M94: =I94+K94 -> 50000 | N94: =G94-M94 -> 43419 | O94: =IF(AND(AI94>0,DM94>0),"შეცდომაა! ერთზე მეტი ბოლო ჩაბარება!",IF(OR(AI94>0,DM94>0,),IF(AI94>0,I94+AK94,I94+AK94+DO94),IF(AND(I94=0,K94=0,DO94=0),"ნულოვანი შესრულება","მიმდინარეობს"))) -> 94387.48 | P94: 50000 | R94: =I94+P94 -> 50000 | S94: =Q94 -> 0 | T94: 15000 | X94: =T94+V94 -> 15000 | Y94: =U94+W94 -> 0 | AD94: =Z94+AB94 -> 0 | AE94: =AA94+AC94 -> 0 | AF94: =P94+T94+Z94 -> 65000 | AG94: =P94+U94+AA94 -> 50000 | AH94: =Q94+V94+AB94 -> 0 | AI94: =Q94+W94+AC94 -> 0 | AJ94: =AF94+AH94 -> 65000 | AK94: =AG94+AI94 -> 50000 | AM94: 43000 | AN94: 43419 | AP94: =AL94+AN94 -> 43419 | AQ94: =AM94+AO94 -> 43000 | AU94: 1387.48 | AV94: =AR94+AT94 -> 0 | AW94: =AS94+AU94 -> 1387.48 | BB94: =AX94+AZ94 -> 0 | BD94: =AY94+BA94 -> 0 | BI94: =BE94+BG94 -> 0 | BK94: =BF94+BH94 -> 0 | BP94: =BL94+BN94 -> 0 | BR94: =BM94+BO94 -> 0 | BW94: =BS94+BU94 -> 0 | BY94: =BT94+BV94 -> 0 | CD94: =BZ94+CB94 -> 0 | CE94: =CA94+CC94 -> 0 | CJ94: =CF94+CH94 -> 0 | CK94: =CG94+CI94 -> 0 | CP94: =CL94+CN94 -> 0 | CQ94: =CM94+CO94 -> 0 | CV94: =CR94+CT94 -> 0 | CW94: =CS94+CU94 -> 0 | DB94: =CX94+CZ94 -> 0 | DC94: =CY94+DA94 -> 0 | DH94: =DD94+DF94 -> 0 | DI94: =DE94+DG94 -> 0 | DJ94: =AL94+AR94+AX94+BE94+BL94+BS94+BZ94+CF94+CL94+CR94+CX94+DD94 -> 0 | DK94: =AM94+AS94+AY94+BF94+BM94+BT94+CA94+CG94+CM94+CS94+CY94+DE94 -> 43000 | DL94: =AN94+AT94+BC94+BJ94+BQ94+BX94+CB94+CH94+CN94+CT94+CZ94+DF94 -> 43419 | DM94: =AO94+AU94+BA94+BH94+BO94+BV94+CC94+CI94+CO94+CU94+DA94+DG94 -> 1387.48 | DN94: =DJ94+DL94 -> 43419 | DO94: =DK94+DM94 -> 44387.48
A95: 87 | B95: სიღნაღი | C95: P.2.777 | D95: (48) სოფ. საქობო კლუბის უბნის გაზსადენის რეაბილიტაცია (P.2.777) | E95: დაპროექტება | F95: =SUM(DN95) -> 0 | G95: =I95+AK95+DN95 -> 829.5 | I95: 0 | J95: 0 | K95: =AK95 -> 829.5 | L95: =IF(AI95>0,I95+AK95-J95,0) -> 829.5 | M95: =I95+K95 -> 829.5 | N95: =G95-M95 -> 0 | O95: =IF(AND(AI95>0,DM95>0),"შეცდომაა! ერთზე მეტი ბოლო ჩაბარება!",IF(OR(AI95>0,DM95>0,),IF(AI95>0,I95+AK95,I95+AK95+DO95),IF(AND(I95=0,K95=0,DO95=0),"ნულოვანი შესრულება","მიმდინარეობს"))) -> 829.5 | Q95: 829.5 | R95: =I95+P95 -> 0 | S95: =Q95 -> 829.5 | X95: =T95+V95 -> 0 | Y95: =U95+W95 -> 0 | AD95: =Z95+AB95 -> 0 | AE95: =AA95+AC95 -> 0 | AF95: =P95+T95+Z95 -> 0 | AG95: =P95+U95+AA95 -> 0 | AH95: =Q95+V95+AB95 -> 829.5 | AI95: =Q95+W95+AC95 -> 829.5 | AJ95: =AF95+AH95 -> 829.5 | AK95: =AG95+AI95 -> 829.5 | AP95: =AL95+AN95 -> 0 | AQ95: =AM95+AO95 -> 0 | AV95: =AR95+AT95 -> 0 | AW95: =AS95+AU95 -> 0 | BB95: =AX95+AZ95 -> 0 | BD95: =AY95+BA95 -> 0 | BI95: =BE95+BG95 -> 0 | BK95: =BF95+BH95 -> 0 | BP95: =BL95+BN95 -> 0 | BR95: =BM95+BO95 -> 0 | BW95: =BS95+BU95 -> 0 | BY95: =BT95+BV95 -> 0 | CD95: =BZ95+CB95 -> 0 | CE95: =CA95+CC95 -> 0 | CJ95: =CF95+CH95 -> 0 | CK95: =CG95+CI95 -> 0 | CP95: =CL95+CN95 -> 0 | CQ95: =CM95+CO95 -> 0 | CV95: =CR95+CT95 -> 0 | CW95: =CS95+CU95 -> 0 | DB95: =CX95+CZ95 -> 0 | DC95: =CY95+DA95 -> 0 | DH95: =DD95+DF95 -> 0 | DI95: =DE95+DG95 -> 0 | DJ95: =AL95+AR95+AX95+BE95+BL95+BS95+BZ95+CF95+CL95+CR95+CX95+DD95 -> 0 | DK95: =AM95+AS95+AY95+BF95+BM95+BT95+CA95+CG95+CM95+CS95+CY95+DE95 -> 0 | DL95: =AN95+AT95+BC95+BJ95+BQ95+BX95+CB95+CH95+CN95+CT95+CZ95+DF95 -> 0 | DM95: =AO95+AU95+BA95+BH95+BO95+BV95+CC95+CI95+CO95+CU95+DA95+DG95 -> 0 | DN95: =DJ95+DL95 -> 0 | DO95: =DK95+DM95 -> 0
A96: 88 | B96: სიღნაღი | C96: P.2.792 | D96: (38) ს. საქობო ანას უბნის რეაბილიტაცია (P.2.792) | E96: მშენებლობა | F96: =SUM(DN96) -> 13256 | G96: =I96+AK96+DN96 -> 93256 | H96: 60000 | I96: 0 | J96: 0 | K96: =AK96 -> 80000 | L96: =IF(AI96>0,I96+AK96-J96,0) -> 0 | M96: =I96+K96 -> 80000 | N96: =G96-M96 -> 13256 | O96: =IF(AND(AI96>0,DM96>0),"შეცდომაა! ერთზე მეტი ბოლო ჩაბარება!",IF(OR(AI96>0,DM96>0,),IF(AI96>0,I96+AK96,I96+AK96+DO96),IF(AND(I96=0,K96=0,DO96=0),"ნულოვანი შესრულება","მიმდინარეობს"))) -> 94092.85 | P96: 80000 | R96: =I96+P96 -> 80000 | S96: =Q96 -> 0 | X96: =T96+V96 -> 0 | Y96: =U96+W96 -> 0 | Z96: 15000 | AD96: =Z96+AB96 -> 15000 | AE96: =AA96+AC96 -> 0 | AF96: =P96+T96+Z96 -> 95000 | AG96: =P96+U96+AA96 -> 80000 | AH96: =Q96+V96+AB96 -> 0 | AI96: =Q96+W96+AC96 -> 0 | AJ96: =AF96+AH96 -> 95000 | AK96: =AG96+AI96 -> 80000 | AP96: =AL96+AN96 -> 0 | AQ96: =AM96+AO96 -> 0 | AV96: =AR96+AT96 -> 0 | AW96: =AS96+AU96 -> 0 | BB96: =AX96+AZ96 -> 0 | BD96: =AY96+BA96 -> 0 | BH96: 14092.85 | BI96: =BE96+BG96 -> 0 | BJ96: 13256 | BK96: =BF96+BH96 -> 14092.85 | BP96: =BL96+BN96 -> 0 | BR96: =BM96+BO96 -> 0 | BW96: =BS96+BU96 -> 0 | BY96: =BT96+BV96 -> 0 | CD96: =BZ96+CB96 -> 0 | CE96: =CA96+CC96 -> 0 | CJ96: =CF96+CH96 -> 0 | CK96: =CG96+CI96 -> 0 | CP96: =CL96+CN96 -> 0 | CQ96: =CM96+CO96 -> 0 | CV96: =CR96+CT96 -> 0 | CW96: =CS96+CU96 -> 0 | DB96: =CX96+CZ96 -> 0 | DC96: =CY96+DA96 -> 0 | DH96: =DD96+DF96 -> 0 | DI96: =DE96+DG96 -> 0 | DJ96: =AL96+AR96+AX96+BE96+BL96+BS96+BZ96+CF96+CL96+CR96+CX96+DD96 -> 0 | DK96: =AM96+AS96+AY96+BF96+BM96+BT96+CA96+CG96+CM96+CS96+CY96+DE96 -> 0 | DL96: =AN96+AT96+BC96+BJ96+BQ96+BX96+CB96+CH96+CN96+CT96+CZ96+DF96 -> 13256 | DM96: =AO96+AU96+BA96+BH96+BO96+BV96+CC96+CI96+CO96+CU96+DA96+DG96 -> 14092.85 | DN96: =DJ96+DL96 -> 13256 | DO96: =DK96+DM96 -> 14092.85
A97: 89 | B97: საგარეჯო | C97: P.2.966 | D97: (46) საგარეჯო,სოფ. ნინოწმინდის 03 საუბნო მრიცხველის შემდეგ გამავალი ფოლადის საჰაერო გაზსადენისა და საყრდენების შეღებვა (P.2.966) | E97: მშენებლობა | F97: =SUM(DN97) -> 50008 | G97: =I97+AK97+DN97 -> 70008 | H97: 35000 | I97: 0 | J97: 0 | K97: =AK97 -> 20000 | L97: =IF(AI97>0,I97+AK97-J97,0) -> 0 | M97: =I97+K97 -> 20000 | N97: =G97-M97 -> 50008 | O97: =IF(AND(AI97>0,DM97>0),"შეცდომაა! ერთზე მეტი ბოლო ჩაბარება!",IF(OR(AI97>0,DM97>0,),IF(AI97>0,I97+AK97,I97+AK97+DO97),IF(AND(I97=0,K97=0,DO97=0),"ნულოვანი შესრულება","მიმდინარეობს"))) -> მიმდინარეობს | P97: 20000 | R97: =I97+P97 -> 20000 | S97: =Q97 -> 0 | X97: =T97+V97 -> 0 | Y97: =U97+W97 -> 0 | AD97: =Z97+AB97 -> 0 | AE97: =AA97+AC97 -> 0 | AF97: =P97+T97+Z97 -> 20000 | AG97: =P97+U97+AA97 -> 20000 | AH97: =Q97+V97+AB97 -> 0 | AI97: =Q97+W97+AC97 -> 0 | AJ97: =AF97+AH97 -> 20000 | AK97: =AG97+AI97 -> 20000 | AP97: =AL97+AN97 -> 0 | AQ97: =AM97+AO97 -> 0 | AT97: 25000 | AV97: =AR97+AT97 -> 25000 | AW97: =AS97+AU97 -> 0 | BB97: =AX97+AZ97 -> 0 | BD97: =AY97+BA97 -> 0 | BI97: =BE97+BG97 -> 0 | BK97: =BF97+BH97 -> 0 | BP97: =BL97+BN97 -> 0 | BR97: =BM97+BO97 -> 0 | BT97: 20000 | BW97: =BS97+BU97 -> 0 | BX97: 25008 | BY97: =BT97+BV97 -> 20000 | CD97: =BZ97+CB97 -> 0 | CE97: =CA97+CC97 -> 0 | CJ97: =CF97+CH97 -> 0 | CK97: =CG97+CI97 -> 0 | CP97: =CL97+CN97 -> 0 | CQ97: =CM97+CO97 -> 0 | CV97: =CR97+CT97 -> 0 | CW97: =CS97+CU97 -> 0 | DB97: =CX97+CZ97 -> 0 | DC97: =CY97+DA97 -> 0 | DH97: =DD97+DF97 -> 0 | DI97: =DE97+DG97 -> 0 | DJ97: =AL97+AR97+AX97+BE97+BL97+BS97+BZ97+CF97+CL97+CR97+CX97+DD97 -> 0 | DK97: =AM97+AS97+AY97+BF97+BM97+BT97+CA97+CG97+CM97+CS97+CY97+DE97 -> 20000 | DL97: =AN97+AT97+BC97+BJ97+BQ97+BX97+CB97+CH97+CN97+CT97+CZ97+DF97 -> 50008 | DM97: =AO97+AU97+BA97+BH97+BO97+BV97+CC97+CI97+CO97+CU97+DA97+DG97 -> 0 | DN97: =DJ97+DL97 -> 50008 | DO97: =DK97+DM97 -> 20000
A98: 90 | B98: მარნეული | C98: P.2.924 | D98: (59) ქ მარნეული სოფ წერეთელი მე-32 საუბნო მრიცხველის შემდეგ გამავალი ფოლადის საჰაერო გაზსადენისა და საყრდენების შეღებვა (P.2.924) | E98: მშენებლობა | F98: =SUM(DN98) -> 0 | G98: =I98+AK98+DN98 -> 0 | H98: 15000 | I98: 0 | J98: 0 | K98: =AK98 -> 0 | L98: =IF(AI98>0,I98+AK98-J98,0) -> 0 | M98: =I98+K98 -> 0 | N98: =G98-M98 -> 0 | O98: =IF(AND(AI98>0,DM98>0),"შეცდომაა! ერთზე მეტი ბოლო ჩაბარება!",IF(OR(AI98>0,DM98>0,),IF(AI98>0,I98+AK98,I98+AK98+DO98),IF(AND(I98=0,K98=0,DO98=0),"ნულოვანი შესრულება","მიმდინარეობს"))) -> ნულოვანი შესრულება | R98: =I98+P98 -> 0 | S98: =Q98 -> 0 | X98: =T98+V98 -> 0 | Y98: =U98+W98 -> 0 | AD98: =Z98+AB98 -> 0 | AE98: =AA98+AC98 -> 0 | AF98: =P98+T98+Z98 -> 0 | AG98: =P98+U98+AA98 -> 0 | AH98: =Q98+V98+AB98 -> 0 | AI98: =Q98+W98+AC98 -> 0 | AJ98: =AF98+AH98 -> 0 | AK98: =AG98+AI98 -> 0 | AP98: =AL98+AN98 -> 0 | AQ98: =AM98+AO98 -> 0 | AV98: =AR98+AT98 -> 0 | AW98: =AS98+AU98 -> 0 | BB98: =AX98+AZ98 -> 0 | BD98: =AY98+BA98 -> 0 | BI98: =BE98+BG98 -> 0 | BK98: =BF98+BH98 -> 0 | BP98: =BL98+BN98 -> 0 | BR98: =BM98+BO98 -> 0 | BW98: =BS98+BU98 -> 0 | BY98: =BT98+BV98 -> 0 | CD98: =BZ98+CB98 -> 0 | CE98: =CA98+CC98 -> 0 | CJ98: =CF98+CH98 -> 0 | CK98: =CG98+CI98 -> 0 | CP98: =CL98+CN98 -> 0 | CQ98: =CM98+CO98 -> 0 | CV98: =CR98+CT98 -> 0 | CW98: =CS98+CU98 -> 0 | DB98: =CX98+CZ98 -> 0 | DC98: =CY98+DA98 -> 0 | DH98: =DD98+DF98 -> 0 | DI98: =DE98+DG98 -> 0 | DJ98: =AL98+AR98+AX98+BE98+BL98+BS98+BZ98+CF98+CL98+CR98+CX98+DD98 -> 0 | DK98: =AM98+AS98+AY98+BF98+BM98+BT98+CA98+CG98+CM98+CS98+CY98+DE98 -> 0 | DL98: =AN98+AT98+BC98+BJ98+BQ98+BX98+CB98+CH98+CN98+CT98+CZ98+DF98 -> 0 | DM98: =AO98+AU98+BA98+BH98+BO98+BV98+CC98+CI98+CO98+CU98+DA98+DG98 -> 0 | DN98: =DJ98+DL98 -> 0 | DO98: =DK98+DM98 -> 0
A99: 91 | B99: ლაგოდეხი | C99: P.2.886 | D99: (45) სოფ. შრომა კავკასიონის ქუჩის რეაბილიტაცია. P.2.886 | E99: მშენებლობა | F99: =SUM(DN99) -> 20000 | G99: =I99+AK99+DN99 -> 70000 | H99: 95000 | I99: 0 | J99: 0 | K99: =AK99 -> 50000 | L99: =IF(AI99>0,I99+AK99-J99,0) -> 0 | M99: =I99+K99 -> 50000 | N99: =G99-M99 -> 20000 | O99: =IF(AND(AI99>0,DM99>0),"შეცდომაა! ერთზე მეტი ბოლო ჩაბარება!",IF(OR(AI99>0,DM99>0,),IF(AI99>0,I99+AK99,I99+AK99+DO99),IF(AND(I99=0,K99=0,DO99=0),"ნულოვანი შესრულება","მიმდინარეობს"))) -> 54195.18 | P99: 50000 | R99: =I99+P99 -> 50000 | S99: =Q99 -> 0 | X99: =T99+V99 -> 0 | Y99: =U99+W99 -> 0 | AD99: =Z99+AB99 -> 0 | AE99: =AA99+AC99 -> 0 | AF99: =P99+T99+Z99 -> 50000 | AG99: =P99+U99+AA99 -> 50000 | AH99: =Q99+V99+AB99 -> 0 | AI99: =Q99+W99+AC99 -> 0 | AJ99: =AF99+AH99 -> 50000 | AK99: =AG99+AI99 -> 50000 | AN99: 10000 | AP99: =AL99+AN99 -> 10000 | AQ99: =AM99+AO99 -> 0 | AT99: 10000 | AU99: 4195.18 | AV99: =AR99+AT99 -> 10000 | AW99: =AS99+AU99 -> 4195.18 | BB99: =AX99+AZ99 -> 0 | BD99: =AY99+BA99 -> 0 | BI99: =BE99+BG99 -> 0 | BK99: =BF99+BH99 -> 0 | BP99: =BL99+BN99 -> 0 | BR99: =BM99+BO99 -> 0 | BW99: =BS99+BU99 -> 0 | BY99: =BT99+BV99 -> 0 | CD99: =BZ99+CB99 -> 0 | CE99: =CA99+CC99 -> 0 | CJ99: =CF99+CH99 -> 0 | CK99: =CG99+CI99 -> 0 | CP99: =CL99+CN99 -> 0 | CQ99: =CM99+CO99 -> 0 | CV99: =CR99+CT99 -> 0 | CW99: =CS99+CU99 -> 0 | DB99: =CX99+CZ99 -> 0 | DC99: =CY99+DA99 -> 0 | DH99: =DD99+DF99 -> 0 | DI99: =DE99+DG99 -> 0 | DJ99: =AL99+AR99+AX99+BE99+BL99+BS99+BZ99+CF99+CL99+CR99+CX99+DD99 -> 0 | DK99: =AM99+AS99+AY99+BF99+BM99+BT99+CA99+CG99+CM99+CS99+CY99+DE99 -> 0 | DL99: =AN99+AT99+BC99+BJ99+BQ99+BX99+CB99+CH99+CN99+CT99+CZ99+DF99 -> 20000 | DM99: =AO99+AU99+BA99+BH99+BO99+BV99+CC99+CI99+CO99+CU99+DA99+DG99 -> 4195.18 | DN99: =DJ99+DL99 -> 20000 | DO99: =DK99+DM99 -> 4195.18
